project_id,constituency,district,project_type,sanctioned_amount,released_amount,actual_expenditure,completion_percentage,project_duration_days,delay_days,contractor_previous_projects,contractor_avg_cost,expenditure_per_completion_percent,projects_by_contractor,is_completed
DEMO-MPL-0001,Demo Constituency 01,Sample District 01,Lighting,64.7,60.59,26.76,39.96,218,0,3,65.06,0.67,8,0
DEMO-MPL-0002,Demo Constituency 02,Sample District 02,Water,57.63,41.31,20.22,44.82,590,53,16,61.87,0.451,5,0
DEMO-MPL-0003,Demo Constituency 03,Sample District 03,Community,66.11,60.98,26.32,42.07,195,6,19,80.96,0.626,5,0
DEMO-MPL-0004,Demo Constituency 04,Sample District 04,Community,48.58,36.92,22.62,57.84,439,35,4,68.41,0.391,5,0
DEMO-MPL-0005,Demo Constituency 05,Sample District 05,Lighting,46.73,35.58,18.27,45.84,386,2,4,38.09,0.399,7,0
DEMO-MPL-0006,Demo Constituency 06,Sample District 06,Road,74.35,68.74,58.47,81.12,628,29,10,85.82,0.721,8,0
DEMO-MPL-0007,Demo Constituency 07,Sample District 07,Health,72.94,65.94,48.99,68.76,391,15,17,64.62,0.713,6,0
DEMO-MPL-0008,Demo Constituency 08,Sample District 08,Health,51.95,44.2,47.73,100.0,637,15,14,52.6,0.477,7,1
DEMO-MPL-0009,Demo Constituency 09,Sample District 09,Water,73.65,41.53,36.13,87.63,718,19,6,53.38,0.412,1,0
DEMO-MPL-0010,Demo Constituency 10,Sample District 10,Water,37.77,25.76,22.35,56.26,170,406,14,41.74,0.397,5,0
DEMO-MPL-0011,Demo Constituency 11,Sample District 11,Education,50.01,43.76,26.7,57.07,196,11,22,53.82,0.468,6,0
DEMO-MPL-0012,Demo Constituency 12,Sample District 12,Education,72.64,49.81,32.85,64.44,535,0,24,51.97,0.51,1,0
DEMO-MPL-0013,Demo Constituency 13,Sample District 13,Lighting,66.8,44.73,22.04,43.46,705,14,7,52.99,0.507,8,0
DEMO-MPL-0014,Demo Constituency 14,Sample District 14,Education,37.1,28.01,14.54,58.19,264,35,20,31.95,0.25,7,0
DEMO-MPL-0015,Demo Constituency 15,Sample District 15,Lighting,59.59,44.36,24.36,53.23,638,65,3,46.2,0.458,8,0
DEMO-MPL-0016,Demo Constituency 16,Sample District 16,Water,62.84,43.89,46.46,100.0,356,62,5,53.54,0.465,7,1
DEMO-MPL-0017,Demo Constituency 17,Sample District 17,Road,49.42,40.33,12.74,31.21,682,0,11,51.53,0.408,6,0
DEMO-MPL-0018,Demo Constituency 18,Sample District 18,Health,101.93,99.08,94.21,100.0,142,0,20,83.32,0.942,3,1
DEMO-MPL-0019,Demo Constituency 19,Sample District 19,Health,44.53,41.05,27.11,63.34,423,19,8,28.73,0.428,7,0
DEMO-MPL-0020,Demo Constituency 20,Sample District 20,Health,56.82,50.9,54.97,100.0,520,11,24,142.5,0.55,33,1
DEMO-MPL-0021,Demo Constituency 01,Sample District 21,Community,39.93,27.66,27.13,88.8,496,19,7,38.81,0.306,11,0
DEMO-MPL-0022,Demo Constituency 02,Sample District 22,Community,67.81,50.57,25.89,55.17,186,65,22,68.63,0.469,3,0
DEMO-MPL-0023,Demo Constituency 03,Sample District 23,Water,64.29,57.69,57.53,100.0,352,35,9,82.75,0.575,5,1
DEMO-MPL-0024,Demo Constituency 04,Sample District 24,Community,31.06,18.8,6.9,31.43,660,14,4,39.52,0.22,8,0
DEMO-MPL-0025,Demo Constituency 05,Sample District 25,Water,88.92,80.01,34.94,43.74,409,19,13,93.14,0.799,2,0
DEMO-MPL-0026,Demo Constituency 06,Sample District 26,Lighting,59.99,36.29,31.18,83.74,683,0,17,48.26,0.372,10,0
DEMO-MPL-0027,Demo Constituency 07,Sample District 27,Community,78.15,47.59,15.34,32.51,712,50,8,85.0,0.472,4,0
DEMO-MPL-0028,Demo Constituency 08,Sample District 28,Education,54.6,30.64,15.73,48.91,184,0,16,54.5,0.322,9,0
DEMO-MPL-0029,Demo Constituency 09,Sample District 29,Road,113.38,109.97,110.74,100.0,366,8,12,118.27,1.107,8,1
DEMO-MPL-0030,Demo Constituency 10,Sample District 30,Health,41.96,27.47,39.56,31.52,579,10,15,33.76,1.255,2,0
DEMO-MPL-0031,Demo Constituency 11,Sample District 31,Road,104.84,92.86,36.64,33.53,703,0,3,95.02,1.093,4,0
DEMO-MPL-0032,Demo Constituency 12,Sample District 32,Road,96.03,59.03,26.66,41.34,473,14,4,91.54,0.645,6,0
DEMO-MPL-0033,Demo Constituency 13,Sample District 33,Water,52.76,33.16,19.64,60.07,364,50,15,53.35,0.327,10,0
DEMO-MPL-0034,Demo Constituency 14,Sample District 34,Health,59.17,55.21,39.04,67.0,405,97,5,82.76,0.583,8,0
DEMO-MPL-0035,Demo Constituency 15,Sample District 35,Community,66.49,47.75,23.66,47.16,661,54,3,68.65,0.502,5,0
DEMO-MPL-0036,Demo Constituency 16,Sample District 01,Lighting,19.62,18.76,16.09,91.11,295,30,20,19.43,0.177,7,0
DEMO-MPL-0037,Demo Constituency 17,Sample District 02,Water,55.72,43.54,30.21,60.45,623,17,12,56.58,0.5,3,0
DEMO-MPL-0038,Demo Constituency 18,Sample District 03,Education,49.82,36.75,9.15,21.33,306,46,9,45.55,0.429,5,0
DEMO-MPL-0039,Demo Constituency 19,Sample District 04,Community,34.84,34.03,21.36,58.3,636,54,12,37.2,0.366,11,0
DEMO-MPL-0040,Demo Constituency 20,Sample District 05,Community,67.66,53.43,48.97,58.45,136,510,7,50.36,0.838,7,0
DEMO-MPL-0041,Demo Constituency 01,Sample District 06,Water,83.77,73.43,69.15,86.52,174,0,18,62.46,0.799,2,0
DEMO-MPL-0042,Demo Constituency 02,Sample District 07,Health,91.25,82.83,65.69,83.58,602,24,18,77.17,0.786,7,0
DEMO-MPL-0043,Demo Constituency 03,Sample District 08,Health,43.65,35.25,28.96,97.04,484,31,18,46.39,0.298,9,0
DEMO-MPL-0044,Demo Constituency 04,Sample District 09,Community,12.61,7.61,3.55,51.63,404,62,12,14.49,0.069,8,0
DEMO-MPL-0045,Demo Constituency 05,Sample District 10,Water,75.9,72.43,72.0,94.78,585,31,20,72.15,0.76,5,0
DEMO-MPL-0046,Demo Constituency 06,Sample District 11,Education,66.43,49.63,47.08,93.0,190,62,5,54.18,0.506,7,0
DEMO-MPL-0047,Demo Constituency 07,Sample District 12,Community,76.58,76.12,56.27,67.3,589,45,11,110.69,0.836,2,0
DEMO-MPL-0048,Demo Constituency 08,Sample District 13,Community,13.92,11.96,12.42,100.0,497,58,18,10.16,0.124,10,1
DEMO-MPL-0049,Demo Constituency 09,Sample District 14,Lighting,40.53,39.04,32.22,78.43,383,0,10,40.16,0.411,11,0
DEMO-MPL-0050,Demo Constituency 10,Sample District 15,Road,68.11,68.08,56.7,85.25,271,27,15,161.07,0.665,59,0
DEMO-MPL-0051,Demo Constituency 11,Sample District 16,Road,54.05,34.55,24.88,72.12,274,17,16,51.7,0.345,2,0
DEMO-MPL-0052,Demo Constituency 12,Sample District 17,Lighting,14.15,9.3,2.61,33.29,246,43,2,13.06,0.078,2,0
DEMO-MPL-0053,Demo Constituency 13,Sample District 18,Health,81.96,46.56,45.09,100.0,162,21,3,102.51,0.451,7,1
DEMO-MPL-0054,Demo Constituency 14,Sample District 19,Health,39.58,34.85,17.23,51.55,100,44,7,52.41,0.334,9,0
DEMO-MPL-0055,Demo Constituency 15,Sample District 20,Water,66.64,37.92,15.44,39.95,383,48,18,57.25,0.387,9,0
DEMO-MPL-0056,Demo Constituency 16,Sample District 21,Water,34.47,31.12,15.79,49.99,648,33,14,42.88,0.316,6,0
DEMO-MPL-0057,Demo Constituency 17,Sample District 22,Education,25.51,21.48,22.78,94.75,191,20,4,26.78,0.24,11,0
DEMO-MPL-0058,Demo Constituency 18,Sample District 23,Education,103.69,70.01,53.76,68.8,483,32,11,101.08,0.781,11,0
DEMO-MPL-0059,Demo Constituency 19,Sample District 24,Water,39.67,32.32,7.8,25.67,679,16,1,54.24,0.304,2,0
DEMO-MPL-0060,Demo Constituency 20,Sample District 25,Health,36.83,31.89,41.76,38.92,465,40,16,33.6,1.073,4,0
DEMO-MPL-0061,Demo Constituency 01,Sample District 26,Lighting,115.15,101.51,76.65,72.8,172,22,23,108.92,1.053,3,0
DEMO-MPL-0062,Demo Constituency 02,Sample District 27,Water,67.47,52.11,25.22,44.86,125,52,2,71.06,0.562,1,0
DEMO-MPL-0063,Demo Constituency 03,Sample District 28,Education,67.99,47.0,24.49,58.97,667,0,1,46.3,0.415,5,0
DEMO-MPL-0064,Demo Constituency 04,Sample District 29,Water,77.69,46.92,17.96,48.29,411,86,24,82.9,0.372,5,0
DEMO-MPL-0065,Demo Constituency 05,Sample District 30,Road,68.23,49.44,13.55,26.42,303,44,1,71.57,0.513,6,0
DEMO-MPL-0066,Demo Constituency 06,Sample District 31,Education,42.86,42.65,36.69,90.34,218,58,21,40.36,0.406,6,0
DEMO-MPL-0067,Demo Constituency 07,Sample District 32,Community,48.26,42.95,45.13,100.0,397,14,12,38.21,0.451,3,1
DEMO-MPL-0068,Demo Constituency 08,Sample District 33,Water,67.95,46.3,12.01,26.29,727,0,15,55.9,0.457,3,0
DEMO-MPL-0069,Demo Constituency 09,Sample District 34,Health,39.82,33.54,24.87,73.44,598,29,19,30.99,0.339,9,0
DEMO-MPL-0070,Demo Constituency 10,Sample District 35,Education,72.58,55.68,45.18,57.96,531,471,21,66.67,0.78,4,0
DEMO-MPL-0071,Demo Constituency 11,Sample District 01,Water,38.45,37.02,24.94,65.16,307,4,1,43.36,0.383,4,0
DEMO-MPL-0072,Demo Constituency 12,Sample District 02,Health,43.64,30.04,22.31,81.26,105,22,10,34.91,0.275,4,0
DEMO-MPL-0073,Demo Constituency 13,Sample District 03,Health,25.99,19.88,20.08,100.0,495,33,13,19.46,0.201,8,1
DEMO-MPL-0074,Demo Constituency 14,Sample District 04,Road,34.41,30.27,24.24,85.57,590,2,24,44.81,0.283,8,0
DEMO-MPL-0075,Demo Constituency 15,Sample District 05,Community,63.48,56.34,56.12,100.0,720,0,8,56.83,0.561,1,1
DEMO-MPL-0076,Demo Constituency 16,Sample District 06,Health,75.88,75.12,58.97,73.28,403,8,16,64.84,0.805,1,0
DEMO-MPL-0077,Demo Constituency 17,Sample District 07,Lighting,69.9,39.61,30.79,86.84,603,37,9,71.8,0.355,2,0
DEMO-MPL-0078,Demo Constituency 18,Sample District 08,Water,67.82,59.87,29.96,46.03,546,30,22,86.15,0.651,3,0
DEMO-MPL-0079,Demo Constituency 19,Sample District 09,Water,58.71,50.18,39.64,73.99,639,10,17,73.53,0.536,10,0
DEMO-MPL-0080,Demo Constituency 20,Sample District 10,Community,12.0,11.21,11.18,100.0,242,0,11,27.68,0.112,48,1
DEMO-MPL-0081,Demo Constituency 01,Sample District 11,Road,70.75,61.76,54.08,80.64,431,28,24,64.56,0.671,6,0
DEMO-MPL-0082,Demo Constituency 02,Sample District 12,Road,71.54,51.98,11.42,22.0,230,19,12,93.97,0.519,1,0
DEMO-MPL-0083,Demo Constituency 03,Sample District 13,Lighting,70.92,53.47,42.05,75.3,653,15,9,45.5,0.558,11,0
DEMO-MPL-0084,Demo Constituency 04,Sample District 14,Lighting,38.15,36.38,18.89,58.1,448,36,8,33.4,0.325,11,0
DEMO-MPL-0085,Demo Constituency 05,Sample District 15,Health,75.27,51.54,35.3,74.08,281,33,8,109.63,0.477,1,0
DEMO-MPL-0086,Demo Constituency 06,Sample District 16,Water,66.53,49.72,33.64,62.66,697,10,24,59.41,0.537,6,0
DEMO-MPL-0087,Demo Constituency 07,Sample District 17,Community,75.4,63.62,63.37,100.0,588,17,13,88.25,0.634,11,1
DEMO-MPL-0088,Demo Constituency 08,Sample District 18,Road,39.81,26.31,11.7,46.66,720,18,11,47.88,0.251,1,0
DEMO-MPL-0089,Demo Constituency 09,Sample District 19,Education,35.32,20.39,12.72,65.52,377,38,5,33.05,0.194,3,0
DEMO-MPL-0090,Demo Constituency 10,Sample District 20,Education,57.7,54.14,76.56,48.17,161,0,13,38.5,1.589,5,0
DEMO-MPL-0091,Demo Constituency 11,Sample District 21,Community,55.88,36.83,32.3,96.33,642,61,17,57.92,0.335,3,0
DEMO-MPL-0092,Demo Constituency 12,Sample District 22,Road,32.92,28.64,11.23,37.89,476,19,2,34.09,0.296,1,0
DEMO-MPL-0093,Demo Constituency 13,Sample District 23,Community,75.11,45.05,33.7,87.98,394,54,6,58.28,0.383,8,0
DEMO-MPL-0094,Demo Constituency 14,Sample District 24,Community,60.18,49.86,48.72,91.2,663,0,19,59.11,0.534,3,0
DEMO-MPL-0095,Demo Constituency 15,Sample District 25,Health,35.67,35.42,38.26,100.0,559,46,20,39.52,0.383,2,1
DEMO-MPL-0096,Demo Constituency 16,Sample District 26,Road,85.49,59.24,53.48,83.52,641,0,1,85.21,0.64,8,0
DEMO-MPL-0097,Demo Constituency 17,Sample District 27,Road,29.84,26.33,28.44,100.0,169,59,22,29.32,0.284,9,1
DEMO-MPL-0098,Demo Constituency 18,Sample District 28,Health,33.94,26.42,18.91,77.32,259,21,1,45.47,0.245,7,0
DEMO-MPL-0099,Demo Constituency 19,Sample District 29,Health,58.25,55.12,41.05,73.47,195,20,15,48.39,0.559,5,0
DEMO-MPL-0100,Demo Constituency 20,Sample District 30,Water,69.25,64.14,50.5,46.71,123,351,15,82.07,1.081,10,0
DEMO-MPL-0101,Demo Constituency 01,Sample District 31,Community,65.58,57.49,49.4,76.86,444,20,18,60.08,0.643,11,0
DEMO-MPL-0102,Demo Constituency 02,Sample District 32,Road,53.55,41.99,21.6,51.97,419,7,19,48.18,0.416,10,0
DEMO-MPL-0103,Demo Constituency 03,Sample District 33,Health,64.01,40.35,17.27,37.37,526,0,9,38.89,0.462,6,0
DEMO-MPL-0104,Demo Constituency 04,Sample District 34,Lighting,58.68,51.86,27.06,63.94,652,34,23,44.27,0.423,7,0
DEMO-MPL-0105,Demo Constituency 05,Sample District 35,Community,41.44,24.65,12.34,43.75,668,71,11,56.4,0.282,1,0
DEMO-MPL-0106,Demo Constituency 06,Sample District 01,Road,96.58,70.27,48.06,64.57,331,106,14,80.99,0.744,7,0
DEMO-MPL-0107,Demo Constituency 07,Sample District 02,Water,50.04,31.95,17.9,54.27,475,31,19,52.41,0.33,2,0
DEMO-MPL-0108,Demo Constituency 08,Sample District 03,Education,15.39,10.15,7.83,84.33,528,22,15,12.94,0.093,10,0
DEMO-MPL-0109,Demo Constituency 09,Sample District 04,Water,28.47,21.66,12.54,56.42,219,31,1,32.03,0.222,6,0
DEMO-MPL-0110,Demo Constituency 10,Sample District 05,Community,16.38,10.87,1.77,16.08,507,21,8,52.09,0.11,31,0
DEMO-MPL-0111,Demo Constituency 11,Sample District 06,Health,32.22,19.72,8.59,38.57,232,0,14,20.59,0.223,9,0
DEMO-MPL-0112,Demo Constituency 12,Sample District 07,Water,45.73,30.36,17.21,56.38,158,6,21,36.93,0.305,9,0
DEMO-MPL-0113,Demo Constituency 13,Sample District 08,Community,24.22,21.6,16.96,77.13,117,7,5,33.71,0.22,3,0
DEMO-MPL-0114,Demo Constituency 14,Sample District 09,Lighting,29.91,27.84,18.58,68.82,506,38,10,25.59,0.27,10,0
DEMO-MPL-0115,Demo Constituency 15,Sample District 10,Community,83.47,65.84,71.11,100.0,303,15,6,67.32,0.711,1,1
DEMO-MPL-0116,Demo Constituency 16,Sample District 11,Road,45.43,35.01,22.31,62.68,341,17,13,45.21,0.356,4,0
DEMO-MPL-0117,Demo Constituency 17,Sample District 12,Road,67.86,66.43,68.18,97.3,328,0,14,65.31,0.701,10,0
DEMO-MPL-0118,Demo Constituency 18,Sample District 13,Water,77.05,53.53,41.5,72.5,135,31,12,70.03,0.572,8,0
DEMO-MPL-0119,Demo Constituency 19,Sample District 14,Road,12.0,10.6,7.28,76.96,627,36,4,8.97,0.095,7,0
DEMO-MPL-0120,Demo Constituency 20,Sample District 15,Education,88.15,73.19,100.39,12.1,497,66,20,88.7,8.297,6,0
DEMO-MPL-0121,Demo Constituency 01,Sample District 16,Education,27.98,16.17,10.77,60.35,600,16,4,26.82,0.178,6,0
DEMO-MPL-0122,Demo Constituency 02,Sample District 17,Community,71.57,62.75,28.78,41.01,283,0,16,76.49,0.702,7,0
DEMO-MPL-0123,Demo Constituency 03,Sample District 18,Lighting,24.32,20.8,16.09,72.97,463,0,1,25.45,0.22,9,0
DEMO-MPL-0124,Demo Constituency 04,Sample District 19,Education,71.29,60.39,39.27,59.13,321,70,23,88.62,0.664,5,0
DEMO-MPL-0125,Demo Constituency 05,Sample District 20,Education,65.76,51.23,46.34,86.94,301,22,11,54.85,0.533,8,0
DEMO-MPL-0126,Demo Constituency 06,Sample District 21,Water,71.95,42.54,30.92,67.08,174,43,16,75.96,0.461,10,0
DEMO-MPL-0127,Demo Constituency 07,Sample District 22,Road,89.73,84.1,42.97,53.98,674,25,17,83.02,0.796,9,0
DEMO-MPL-0128,Demo Constituency 08,Sample District 23,Health,71.63,68.74,55.41,75.84,704,0,14,64.98,0.731,7,0
DEMO-MPL-0129,Demo Constituency 09,Sample District 24,Education,58.79,40.82,30.71,66.88,422,10,10,63.32,0.459,6,0
DEMO-MPL-0130,Demo Constituency 10,Sample District 25,Lighting,57.97,43.46,44.07,47.71,632,436,21,68.1,0.924,8,0
DEMO-MPL-0131,Demo Constituency 11,Sample District 26,Water,39.1,37.76,19.09,53.02,303,35,1,36.72,0.36,9,0
DEMO-MPL-0132,Demo Constituency 12,Sample District 27,Education,111.79,73.57,23.91,31.19,578,34,8,119.5,0.767,3,0
DEMO-MPL-0133,Demo Constituency 13,Sample District 28,Road,89.99,84.34,45.5,55.13,352,22,1,96.38,0.825,4,0
DEMO-MPL-0134,Demo Constituency 14,Sample District 29,Road,56.3,33.9,21.22,61.88,627,0,7,57.73,0.343,3,0
DEMO-MPL-0135,Demo Constituency 15,Sample District 30,Education,119.8,118.77,64.5,51.75,360,20,15,118.89,1.246,9,0
DEMO-MPL-0136,Demo Constituency 16,Sample District 31,Water,49.02,45.32,15.03,30.65,656,16,13,48.12,0.491,7,0
DEMO-MPL-0137,Demo Constituency 17,Sample District 32,Water,61.97,61.95,31.7,49.94,529,65,17,72.8,0.635,9,0
DEMO-MPL-0138,Demo Constituency 18,Sample District 33,Community,82.86,47.49,42.22,82.97,293,0,8,58.74,0.509,9,0
DEMO-MPL-0139,Demo Constituency 19,Sample District 34,Health,86.68,76.88,68.87,88.85,615,0,6,86.71,0.775,10,0
DEMO-MPL-0140,Demo Constituency 20,Sample District 35,Lighting,82.94,65.54,35.9,57.61,652,35,6,177.35,0.623,59,0
DEMO-MPL-0141,Demo Constituency 01,Sample District 01,Lighting,52.06,32.57,32.91,100.0,131,0,21,48.28,0.329,6,1
DEMO-MPL-0142,Demo Constituency 02,Sample District 02,Education,88.4,77.97,50.6,62.71,299,21,19,86.7,0.807,8,0
DEMO-MPL-0143,Demo Constituency 03,Sample District 03,Water,12.0,7.73,1.19,14.96,705,36,3,10.84,0.08,2,0
DEMO-MPL-0144,Demo Constituency 04,Sample District 04,Community,80.66,80.32,60.64,71.79,722,42,16,80.84,0.845,3,0
DEMO-MPL-0145,Demo Constituency 05,Sample District 05,Health,90.4,57.55,1.76,3.28,392,17,16,61.34,0.538,1,0
DEMO-MPL-0146,Demo Constituency 06,Sample District 06,Water,39.06,33.97,33.87,100.0,429,0,2,23.37,0.339,7,1
DEMO-MPL-0147,Demo Constituency 07,Sample District 07,Water,36.05,33.23,20.87,64.79,190,33,10,38.34,0.322,2,0
DEMO-MPL-0148,Demo Constituency 08,Sample District 08,Water,76.8,44.53,21.17,46.19,96,15,6,80.88,0.458,9,0
DEMO-MPL-0149,Demo Constituency 09,Sample District 09,Water,54.9,41.96,42.35,100.0,393,74,2,75.33,0.424,6,1
DEMO-MPL-0150,Demo Constituency 10,Sample District 10,Community,37.62,22.37,28.54,27.51,156,34,11,36.09,1.037,8,0
DEMO-MPL-0151,Demo Constituency 11,Sample District 11,Road,38.65,25.86,27.93,100.0,357,19,5,32.36,0.279,8,1
DEMO-MPL-0152,Demo Constituency 12,Sample District 12,Health,27.68,22.94,4.27,19.92,217,22,21,34.28,0.214,8,0
DEMO-MPL-0153,Demo Constituency 13,Sample District 13,Water,75.22,54.95,26.06,43.58,389,38,23,82.23,0.598,11,0
DEMO-MPL-0154,Demo Constituency 14,Sample District 14,Road,33.3,25.71,7.89,36.21,702,32,10,27.36,0.218,6,0
DEMO-MPL-0155,Demo Constituency 15,Sample District 15,Education,70.55,42.08,39.58,83.07,109,67,15,61.65,0.476,5,0
DEMO-MPL-0156,Demo Constituency 16,Sample District 16,Education,59.5,57.7,33.0,56.28,584,49,8,76.35,0.586,5,0
DEMO-MPL-0157,Demo Constituency 17,Sample District 17,Lighting,64.64,44.88,23.59,48.14,135,69,10,57.12,0.49,6,0
DEMO-MPL-0158,Demo Constituency 18,Sample District 18,Health,60.14,48.31,43.46,87.69,430,2,7,66.9,0.496,2,0
DEMO-MPL-0159,Demo Constituency 19,Sample District 19,Road,71.06,69.32,69.32,100.0,156,7,23,69.97,0.693,7,1
DEMO-MPL-0160,Demo Constituency 20,Sample District 20,Community,93.64,52.62,45.28,54.97,186,261,21,106.67,0.824,5,0
DEMO-MPL-0161,Demo Constituency 01,Sample District 21,Water,57.49,46.24,48.25,100.0,301,12,11,31.86,0.483,9,1
DEMO-MPL-0162,Demo Constituency 02,Sample District 22,Education,76.6,71.62,17.48,26.03,433,0,24,43.14,0.671,10,0
DEMO-MPL-0163,Demo Constituency 03,Sample District 23,Road,74.58,73.99,42.52,60.47,609,56,23,67.91,0.703,5,0
DEMO-MPL-0164,Demo Constituency 04,Sample District 24,Health,75.7,51.32,27.29,49.45,165,71,2,79.88,0.552,1,0
DEMO-MPL-0165,Demo Constituency 05,Sample District 25,Community,84.19,71.62,34.78,47.23,386,0,4,98.8,0.736,1,0
DEMO-MPL-0166,Demo Constituency 06,Sample District 26,Water,23.04,14.63,8.21,63.78,424,0,13,23.83,0.129,11,0
DEMO-MPL-0167,Demo Constituency 07,Sample District 27,Education,98.91,83.41,82.35,79.18,607,18,9,105.39,1.04,5,0
DEMO-MPL-0168,Demo Constituency 08,Sample District 28,Education,46.41,45.55,19.32,40.16,112,4,14,44.47,0.481,4,0
DEMO-MPL-0169,Demo Constituency 09,Sample District 29,Road,70.37,42.42,15.42,33.41,118,73,23,63.67,0.461,2,0
DEMO-MPL-0170,Demo Constituency 10,Sample District 30,Water,48.97,36.74,24.48,60.4,676,0,7,154.79,0.405,47,0
DEMO-MPL-0171,Demo Constituency 11,Sample District 31,Road,87.23,75.76,68.43,99.39,171,34,24,57.48,0.689,7,1
DEMO-MPL-0172,Demo Constituency 12,Sample District 32,Education,66.02,52.46,45.01,81.46,227,55,24,26.84,0.553,6,0
DEMO-MPL-0173,Demo Constituency 13,Sample District 33,Community,54.38,39.49,9.57,21.45,553,32,2,43.33,0.446,3,0
DEMO-MPL-0174,Demo Constituency 14,Sample District 34,Community,90.5,56.19,26.16,52.89,270,39,24,85.39,0.495,8,0
DEMO-MPL-0175,Demo Constituency 15,Sample District 35,Community,26.98,15.44,15.3,97.75,687,8,2,30.19,0.156,5,0
DEMO-MPL-0176,Demo Constituency 16,Sample District 01,Education,72.34,46.36,30.84,66.77,642,0,15,89.13,0.462,2,0
DEMO-MPL-0177,Demo Constituency 17,Sample District 02,Water,39.25,29.32,31.67,100.0,633,18,10,36.82,0.317,5,1
DEMO-MPL-0178,Demo Constituency 18,Sample District 03,Community,88.83,75.75,59.54,71.71,607,41,6,100.29,0.83,8,0
DEMO-MPL-0179,Demo Constituency 19,Sample District 04,Education,37.56,29.07,13.55,44.43,110,12,13,14.61,0.305,2,0
DEMO-MPL-0180,Demo Constituency 20,Sample District 05,Community,82.66,47.95,63.32,50.56,243,20,6,85.8,1.252,7,0
DEMO-MPL-0181,Demo Constituency 01,Sample District 06,Community,44.95,41.35,24.73,58.54,568,62,19,43.02,0.422,3,0
DEMO-MPL-0182,Demo Constituency 02,Sample District 07,Lighting,60.0,50.89,54.96,100.0,685,1,24,64.31,0.55,7,1
DEMO-MPL-0183,Demo Constituency 03,Sample District 08,Health,58.89,44.57,13.7,33.55,472,26,18,70.96,0.408,5,0
DEMO-MPL-0184,Demo Constituency 04,Sample District 09,Water,12.0,8.07,6.0,62.04,153,13,23,15.85,0.097,5,0
DEMO-MPL-0185,Demo Constituency 05,Sample District 10,Road,70.39,62.81,48.01,69.98,625,46,5,49.66,0.686,9,0
DEMO-MPL-0186,Demo Constituency 06,Sample District 11,Lighting,61.93,37.61,18.79,50.98,620,14,17,47.02,0.369,3,0
DEMO-MPL-0187,Demo Constituency 07,Sample District 12,Education,32.7,24.58,20.7,85.51,267,58,6,34.2,0.242,3,0
DEMO-MPL-0188,Demo Constituency 08,Sample District 13,Water,68.97,61.27,8.9,12.21,207,25,7,75.15,0.729,8,0
DEMO-MPL-0189,Demo Constituency 09,Sample District 14,Community,14.06,12.56,2.84,23.26,323,15,12,8.34,0.122,7,0
DEMO-MPL-0190,Demo Constituency 10,Sample District 15,Education,12.0,11.51,6.98,41.23,319,431,12,11.35,0.169,7,0
DEMO-MPL-0191,Demo Constituency 11,Sample District 16,Lighting,64.81,60.04,64.85,92.52,350,0,5,41.64,0.701,9,0
DEMO-MPL-0192,Demo Constituency 12,Sample District 17,Education,91.36,63.17,39.9,60.22,726,21,20,85.21,0.663,7,0
DEMO-MPL-0193,Demo Constituency 13,Sample District 18,Road,40.33,25.26,18.59,81.33,310,5,16,36.57,0.229,11,0
DEMO-MPL-0194,Demo Constituency 14,Sample District 19,Water,44.18,27.78,14.62,48.06,623,20,23,44.53,0.304,11,0
DEMO-MPL-0195,Demo Constituency 15,Sample District 20,Lighting,32.77,22.1,8.81,42.55,523,28,1,21.71,0.207,5,0
DEMO-MPL-0196,Demo Constituency 16,Sample District 21,Education,53.16,38.29,26.55,75.88,251,0,17,63.04,0.35,1,0
DEMO-MPL-0197,Demo Constituency 17,Sample District 22,Road,65.61,51.4,54.07,97.93,726,5,4,43.03,0.552,5,0
DEMO-MPL-0198,Demo Constituency 18,Sample District 23,Road,78.74,57.84,22.0,41.39,327,0,13,65.68,0.532,8,0
DEMO-MPL-0199,Demo Constituency 19,Sample District 24,Education,67.96,65.61,57.16,75.34,719,0,3,81.99,0.759,9,0
DEMO-MPL-0200,Demo Constituency 20,Sample District 25,Water,26.72,20.27,12.78,58.88,389,29,6,64.17,0.217,51,0
DEMO-MPL-0201,Demo Constituency 01,Sample District 26,Road,57.06,55.62,41.19,69.04,685,0,6,59.62,0.597,3,0
DEMO-MPL-0202,Demo Constituency 02,Sample District 27,Water,70.7,63.8,48.91,68.21,341,53,23,36.14,0.717,1,0
DEMO-MPL-0203,Demo Constituency 03,Sample District 28,Community,66.25,45.56,41.71,95.02,434,23,19,68.68,0.439,2,0
DEMO-MPL-0204,Demo Constituency 04,Sample District 29,Road,19.17,18.1,16.94,92.32,720,37,18,9.53,0.183,5,0
DEMO-MPL-0205,Demo Constituency 05,Sample District 30,Water,25.17,19.57,15.04,68.39,638,5,10,22.12,0.22,9,0
DEMO-MPL-0206,Demo Constituency 06,Sample District 31,Community,69.8,54.82,28.25,56.97,305,0,20,78.9,0.496,9,0
DEMO-MPL-0207,Demo Constituency 07,Sample District 32,Community,110.51,92.52,41.7,38.4,135,5,24,113.25,1.086,7,0
DEMO-MPL-0208,Demo Constituency 08,Sample District 33,Education,64.2,46.37,20.43,48.83,397,35,22,60.0,0.418,3,0
DEMO-MPL-0209,Demo Constituency 09,Sample District 34,Education,79.75,73.63,56.74,76.48,381,0,6,69.57,0.742,7,0
DEMO-MPL-0210,Demo Constituency 10,Sample District 35,Lighting,43.93,41.26,51.88,49.26,628,46,10,38.35,1.053,4,0
DEMO-MPL-0211,Demo Constituency 11,Sample District 01,Community,46.3,36.53,12.52,34.52,601,0,6,47.26,0.363,4,0
DEMO-MPL-0212,Demo Constituency 12,Sample District 02,Water,47.15,41.71,30.93,70.68,155,12,12,48.65,0.438,4,0
DEMO-MPL-0213,Demo Constituency 13,Sample District 03,Community,54.39,38.47,21.59,51.9,172,0,4,54.68,0.416,8,0
DEMO-MPL-0214,Demo Constituency 14,Sample District 04,Road,46.37,29.93,27.59,82.76,209,6,3,63.28,0.333,1,0
DEMO-MPL-0215,Demo Constituency 15,Sample District 05,Health,60.15,48.79,21.5,42.55,113,21,16,58.57,0.505,5,0
DEMO-MPL-0216,Demo Constituency 16,Sample District 06,Road,26.28,18.54,9.14,53.57,133,2,5,26.34,0.171,5,0
DEMO-MPL-0217,Demo Constituency 17,Sample District 07,Water,90.5,63.22,54.93,80.17,503,8,21,94.37,0.685,3,0
DEMO-MPL-0218,Demo Constituency 18,Sample District 08,Health,77.64,74.49,34.12,46.86,720,52,14,85.85,0.728,4,0
DEMO-MPL-0219,Demo Constituency 19,Sample District 09,Education,107.89,65.9,24.79,40.2,485,7,17,82.92,0.617,9,0
DEMO-MPL-0220,Demo Constituency 20,Sample District 10,Road,54.83,35.64,12.06,41.46,622,430,18,54.52,0.291,11,0
DEMO-MPL-0221,Demo Constituency 01,Sample District 11,Lighting,64.53,50.84,15.29,31.98,486,62,3,64.47,0.478,1,0
DEMO-MPL-0222,Demo Constituency 02,Sample District 12,Road,36.36,27.66,26.27,84.88,398,0,15,43.02,0.309,2,0
DEMO-MPL-0223,Demo Constituency 03,Sample District 13,Road,57.83,51.82,33.87,74.12,150,15,6,54.96,0.457,7,0
DEMO-MPL-0224,Demo Constituency 04,Sample District 14,Water,48.25,33.62,22.31,65.97,692,13,7,28.75,0.338,9,0
DEMO-MPL-0225,Demo Constituency 05,Sample District 15,Lighting,57.99,54.07,32.14,68.03,669,0,18,56.75,0.472,4,0
DEMO-MPL-0226,Demo Constituency 06,Sample District 16,Water,47.83,47.62,42.89,84.27,258,17,18,54.24,0.509,10,0
DEMO-MPL-0227,Demo Constituency 07,Sample District 17,Health,72.18,49.55,24.03,44.13,220,64,11,67.47,0.544,11,0
DEMO-MPL-0228,Demo Constituency 08,Sample District 18,Lighting,59.26,47.19,19.27,37.95,601,26,14,55.01,0.508,8,0
DEMO-MPL-0229,Demo Constituency 09,Sample District 19,Road,38.18,23.19,13.2,51.73,569,0,24,21.86,0.255,5,0
DEMO-MPL-0230,Demo Constituency 10,Sample District 20,Road,33.4,23.12,12.9,57.0,575,30,22,91.51,0.226,28,0
DEMO-MPL-0231,Demo Constituency 11,Sample District 21,Lighting,54.29,33.66,29.09,94.14,236,0,11,68.54,0.309,5,0
DEMO-MPL-0232,Demo Constituency 12,Sample District 22,Health,64.38,40.58,31.28,71.09,305,30,14,74.32,0.44,9,0
DEMO-MPL-0233,Demo Constituency 13,Sample District 23,Water,44.44,43.51,13.82,35.95,448,71,8,56.22,0.384,9,0
DEMO-MPL-0234,Demo Constituency 14,Sample District 24,Lighting,73.95,64.34,66.8,100.0,298,30,11,56.74,0.668,7,1
DEMO-MPL-0235,Demo Constituency 15,Sample District 25,Water,23.65,14.1,11.07,81.11,487,0,15,21.92,0.136,10,0
DEMO-MPL-0236,Demo Constituency 16,Sample District 26,Road,23.88,15.03,11.18,78.78,453,51,23,26.28,0.142,6,0
DEMO-MPL-0237,Demo Constituency 17,Sample District 27,Health,71.62,39.78,15.26,36.82,547,35,24,59.01,0.414,3,0
DEMO-MPL-0238,Demo Constituency 18,Sample District 28,Lighting,70.14,57.95,1.37,3.0,397,50,11,64.29,0.456,8,0
DEMO-MPL-0239,Demo Constituency 19,Sample District 29,Lighting,33.94,31.63,33.2,93.7,552,0,13,29.3,0.354,2,0
DEMO-MPL-0240,Demo Constituency 20,Sample District 30,Community,77.06,50.0,64.67,48.62,469,57,23,54.71,1.33,11,0
DEMO-MPL-0241,Demo Constituency 01,Sample District 31,Road,43.1,41.68,19.96,46.16,150,0,17,38.97,0.432,5,0
DEMO-MPL-0242,Demo Constituency 02,Sample District 32,Community,41.45,24.13,12.45,43.36,572,30,19,25.9,0.287,1,0
DEMO-MPL-0243,Demo Constituency 03,Sample District 33,Education,62.74,47.11,17.75,40.36,250,8,16,63.54,0.44,8,0
DEMO-MPL-0244,Demo Constituency 04,Sample District 34,Education,52.04,44.72,29.09,60.86,437,21,7,46.52,0.478,8,0
DEMO-MPL-0245,Demo Constituency 05,Sample District 35,Road,52.81,29.81,20.51,59.03,285,44,9,31.76,0.347,5,0
DEMO-MPL-0246,Demo Constituency 06,Sample District 01,Road,92.65,67.39,52.92,79.71,93,17,10,76.23,0.664,2,0
DEMO-MPL-0247,Demo Constituency 07,Sample District 02,Health,62.36,46.12,19.99,47.05,152,38,19,64.01,0.425,11,0
DEMO-MPL-0248,Demo Constituency 08,Sample District 03,Education,59.93,54.2,42.79,77.19,262,81,23,53.32,0.554,5,0
DEMO-MPL-0249,Demo Constituency 09,Sample District 04,Water,67.55,47.37,39.02,73.55,211,0,1,82.26,0.53,6,0
DEMO-MPL-0250,Demo Constituency 10,Sample District 05,Road,30.18,23.05,23.72,37.91,554,292,23,29.41,0.626,1,0
DEMO-MPL-0251,Demo Constituency 11,Sample District 06,Education,58.32,38.87,18.5,46.46,685,0,4,63.75,0.398,5,0
DEMO-MPL-0252,Demo Constituency 12,Sample District 07,Health,62.52,61.86,33.44,54.57,637,41,5,62.69,0.613,1,0
DEMO-MPL-0253,Demo Constituency 13,Sample District 08,Education,47.82,40.83,39.96,92.91,218,47,10,65.2,0.43,4,0
DEMO-MPL-0254,Demo Constituency 14,Sample District 09,Health,27.66,22.33,9.83,41.15,388,26,11,31.35,0.239,4,0
DEMO-MPL-0255,Demo Constituency 15,Sample District 10,Road,83.5,73.99,76.53,100.0,406,39,22,51.6,0.765,11,1
DEMO-MPL-0256,Demo Constituency 16,Sample District 11,Education,33.96,23.89,7.38,29.38,544,33,20,32.1,0.251,6,0
DEMO-MPL-0257,Demo Constituency 17,Sample District 12,Lighting,57.29,38.33,31.05,80.8,482,0,19,53.15,0.384,3,0
DEMO-MPL-0258,Demo Constituency 18,Sample District 13,Health,45.38,32.69,11.35,33.56,110,0,9,48.17,0.338,4,0
DEMO-MPL-0259,Demo Constituency 19,Sample District 14,Road,32.62,32.48,25.23,71.12,106,21,20,27.86,0.355,6,0
DEMO-MPL-0260,Demo Constituency 20,Sample District 15,Community,62.29,59.36,54.21,83.36,585,26,18,137.28,0.65,30,0
DEMO-MPL-0261,Demo Constituency 01,Sample District 16,Health,91.96,54.44,39.02,73.67,175,16,1,80.7,0.53,9,0
DEMO-MPL-0262,Demo Constituency 02,Sample District 17,Education,34.96,23.57,11.57,46.25,635,47,2,35.65,0.25,11,0
DEMO-MPL-0263,Demo Constituency 03,Sample District 18,Education,52.3,35.13,25.24,68.63,676,38,11,51.71,0.368,1,0
DEMO-MPL-0264,Demo Constituency 04,Sample District 19,Water,59.49,36.78,29.41,66.27,479,34,14,71.01,0.444,11,0
DEMO-MPL-0265,Demo Constituency 05,Sample District 20,Lighting,109.43,107.84,59.56,57.17,196,30,4,125.77,1.042,3,0
DEMO-MPL-0266,Demo Constituency 06,Sample District 21,Health,85.7,82.99,66.74,64.53,316,5,14,72.09,1.034,4,0
DEMO-MPL-0267,Demo Constituency 07,Sample District 22,Community,78.6,61.35,36.17,57.53,134,1,16,60.12,0.629,3,0
DEMO-MPL-0268,Demo Constituency 08,Sample District 23,Community,71.22,58.01,47.57,75.65,404,10,11,56.35,0.629,8,0
DEMO-MPL-0269,Demo Constituency 09,Sample District 24,Community,70.74,54.26,58.52,100.0,679,97,3,45.14,0.585,8,1
DEMO-MPL-0270,Demo Constituency 10,Sample District 25,Lighting,44.44,33.49,40.2,13.67,286,32,5,44.01,2.941,6,0
DEMO-MPL-0271,Demo Constituency 11,Sample District 26,Road,49.79,42.07,37.06,100.0,601,0,23,48.96,0.371,6,1
DEMO-MPL-0272,Demo Constituency 12,Sample District 27,Education,47.69,37.76,40.78,100.0,624,0,2,47.09,0.408,8,1
DEMO-MPL-0273,Demo Constituency 13,Sample District 28,Education,17.16,14.28,9.01,62.31,246,9,9,16.21,0.145,1,0
DEMO-MPL-0274,Demo Constituency 14,Sample District 29,Lighting,71.31,55.97,52.88,95.1,673,39,20,63.69,0.556,11,0
DEMO-MPL-0275,Demo Constituency 15,Sample District 30,Lighting,79.55,47.07,45.22,100.0,109,24,4,76.4,0.452,1,1
DEMO-MPL-0276,Demo Constituency 16,Sample District 31,Health,25.32,20.9,15.04,69.41,468,0,21,26.0,0.217,2,0
DEMO-MPL-0277,Demo Constituency 17,Sample District 32,Water,70.74,59.55,63.65,100.0,103,0,5,91.72,0.636,4,1
DEMO-MPL-0278,Demo Constituency 18,Sample District 33,Health,35.03,31.32,19.79,65.98,266,55,8,28.69,0.3,7,0
DEMO-MPL-0279,Demo Constituency 19,Sample District 34,Community,78.74,44.71,32.23,79.8,484,22,2,95.52,0.404,11,0
DEMO-MPL-0280,Demo Constituency 20,Sample District 35,Health,56.14,43.16,40.6,60.21,149,475,8,57.79,0.674,4,0
DEMO-MPL-0281,Demo Constituency 01,Sample District 01,Lighting,40.73,25.72,19.39,70.59,726,44,7,38.17,0.275,2,0
DEMO-MPL-0282,Demo Constituency 02,Sample District 02,Water,47.98,27.83,23.41,77.83,407,47,8,17.62,0.301,3,0
DEMO-MPL-0283,Demo Constituency 03,Sample District 03,Lighting,99.5,77.02,45.9,52.79,223,24,8,103.02,0.869,10,0
DEMO-MPL-0284,Demo Constituency 04,Sample District 04,Health,65.99,47.27,44.57,85.13,364,0,8,79.73,0.524,2,0
DEMO-MPL-0285,Demo Constituency 05,Sample District 05,Community,48.61,28.19,30.45,97.29,555,4,2,44.67,0.313,1,0
DEMO-MPL-0286,Demo Constituency 06,Sample District 06,Community,38.42,30.61,1.0,3.0,126,11,22,37.75,0.333,6,0
DEMO-MPL-0287,Demo Constituency 07,Sample District 07,Lighting,63.75,36.55,36.85,88.49,723,25,3,67.15,0.416,8,0
DEMO-MPL-0288,Demo Constituency 08,Sample District 08,Community,66.91,52.5,55.84,100.0,258,56,17,65.73,0.558,4,1
DEMO-MPL-0289,Demo Constituency 09,Sample District 09,Education,69.37,56.95,5.52,9.29,323,49,24,46.44,0.594,10,0
DEMO-MPL-0290,Demo Constituency 10,Sample District 10,Health,57.26,51.13,34.7,54.22,186,45,9,167.87,0.64,59,0
DEMO-MPL-0291,Demo Constituency 11,Sample District 11,Health,12.8,10.46,6.19,62.1,711,6,7,16.38,0.1,5,0
DEMO-MPL-0292,Demo Constituency 12,Sample District 12,Water,72.33,64.3,55.92,83.16,339,0,20,73.06,0.672,9,0
DEMO-MPL-0293,Demo Constituency 13,Sample District 13,Road,84.6,72.49,68.88,100.0,409,36,11,125.75,0.689,4,1
DEMO-MPL-0294,Demo Constituency 14,Sample District 14,Road,82.63,47.95,29.83,56.92,578,17,3,79.08,0.524,10,0
DEMO-MPL-0295,Demo Constituency 15,Sample District 15,Lighting,50.2,29.16,1.02,3.58,631,21,16,46.44,0.284,10,0
DEMO-MPL-0296,Demo Constituency 16,Sample District 16,Lighting,24.28,20.97,11.02,53.56,127,41,15,29.24,0.206,8,0
DEMO-MPL-0297,Demo Constituency 17,Sample District 17,Education,14.86,9.53,8.58,85.36,306,0,12,13.25,0.1,6,0
DEMO-MPL-0298,Demo Constituency 18,Sample District 18,Road,43.83,37.07,33.82,82.31,211,5,16,35.36,0.411,9,0
DEMO-MPL-0299,Demo Constituency 19,Sample District 19,Lighting,64.4,60.72,34.63,57.78,301,64,3,41.18,0.599,1,0
DEMO-MPL-0300,Demo Constituency 20,Sample District 20,Health,82.42,67.26,86.8,14.17,555,0,11,50.09,6.127,5,0
DEMO-MPL-0301,Demo Constituency 01,Sample District 21,Education,60.22,43.24,41.04,96.48,334,71,13,40.68,0.425,3,0
DEMO-MPL-0302,Demo Constituency 02,Sample District 22,Education,35.6,31.95,21.22,69.66,457,0,3,27.89,0.305,3,0
DEMO-MPL-0303,Demo Constituency 03,Sample District 23,Education,79.9,75.72,51.82,63.63,724,43,14,91.4,0.815,8,0
DEMO-MPL-0304,Demo Constituency 04,Sample District 24,Community,49.73,48.62,29.34,55.09,548,13,7,54.11,0.533,8,0
DEMO-MPL-0305,Demo Constituency 05,Sample District 25,Community,48.97,37.13,25.27,69.33,648,0,3,35.65,0.364,4,0
DEMO-MPL-0306,Demo Constituency 06,Sample District 26,Health,54.6,43.51,15.2,36.09,314,58,4,60.73,0.421,9,0
DEMO-MPL-0307,Demo Constituency 07,Sample District 27,Health,47.86,45.99,27.6,55.74,696,24,20,27.45,0.495,7,0
DEMO-MPL-0308,Demo Constituency 08,Sample District 28,Health,74.77,73.36,42.03,59.72,201,23,19,71.77,0.704,9,0
DEMO-MPL-0309,Demo Constituency 09,Sample District 29,Water,60.36,42.42,38.9,89.05,119,5,24,68.4,0.437,11,0
DEMO-MPL-0310,Demo Constituency 10,Sample District 30,Community,81.99,68.85,58.84,39.79,298,354,7,89.42,1.479,3,0
DEMO-MPL-0311,Demo Constituency 11,Sample District 31,Lighting,84.79,75.13,72.3,90.91,109,47,8,72.89,0.795,5,0
DEMO-MPL-0312,Demo Constituency 12,Sample District 32,Road,62.76,34.96,30.22,87.93,153,24,12,68.47,0.344,10,0
DEMO-MPL-0313,Demo Constituency 13,Sample District 33,Lighting,53.26,32.23,34.59,100.0,486,18,7,72.37,0.346,10,1
DEMO-MPL-0314,Demo Constituency 14,Sample District 34,Health,56.46,39.55,22.38,57.34,214,53,3,58.09,0.39,5,0
DEMO-MPL-0315,Demo Constituency 15,Sample District 35,Education,54.15,52.04,44.12,94.19,661,39,23,58.27,0.468,11,0
DEMO-MPL-0316,Demo Constituency 16,Sample District 01,Lighting,50.95,45.3,39.27,87.47,353,15,12,32.25,0.449,7,0
DEMO-MPL-0317,Demo Constituency 17,Sample District 02,Water,21.06,19.35,10.72,64.19,516,34,3,11.8,0.167,3,0
DEMO-MPL-0318,Demo Constituency 18,Sample District 03,Community,89.57,85.63,88.51,100.0,216,58,9,108.09,0.885,3,1
DEMO-MPL-0319,Demo Constituency 19,Sample District 04,Lighting,62.43,43.96,36.81,78.43,455,83,24,79.58,0.469,1,0
DEMO-MPL-0320,Demo Constituency 20,Sample District 05,Lighting,56.39,41.89,30.7,76.91,658,56,6,165.56,0.399,54,0
DEMO-MPL-0321,Demo Constituency 01,Sample District 06,Community,65.48,44.59,36.5,78.97,307,32,18,72.34,0.462,2,0
DEMO-MPL-0322,Demo Constituency 02,Sample District 07,Health,105.49,96.66,69.01,79.22,133,56,11,109.43,0.871,5,0
DEMO-MPL-0323,Demo Constituency 03,Sample District 08,Lighting,80.84,75.05,40.58,52.86,673,54,10,64.71,0.768,7,0
DEMO-MPL-0324,Demo Constituency 04,Sample District 09,Education,53.68,43.41,34.44,88.51,283,8,15,48.39,0.389,6,0
DEMO-MPL-0325,Demo Constituency 05,Sample District 10,Community,43.06,32.83,21.24,66.8,534,6,18,36.32,0.318,7,0
DEMO-MPL-0326,Demo Constituency 06,Sample District 11,Health,62.65,42.5,25.47,52.65,320,2,6,60.87,0.484,6,0
DEMO-MPL-0327,Demo Constituency 07,Sample District 12,Road,36.3,34.27,25.19,65.55,407,41,21,44.34,0.384,6,0
DEMO-MPL-0328,Demo Constituency 08,Sample District 13,Education,53.29,45.83,41.6,84.27,105,0,10,42.03,0.494,1,0
DEMO-MPL-0329,Demo Constituency 09,Sample District 14,Community,54.56,34.19,36.01,100.0,602,0,24,32.76,0.36,1,1
DEMO-MPL-0330,Demo Constituency 10,Sample District 15,Education,39.81,39.65,51.66,19.22,360,19,14,42.6,2.688,3,0
DEMO-MPL-0331,Demo Constituency 11,Sample District 16,Health,26.57,16.25,9.08,56.01,421,23,22,22.55,0.162,3,0
DEMO-MPL-0332,Demo Constituency 12,Sample District 17,Road,89.59,67.82,37.66,54.93,126,64,13,96.91,0.686,11,0
DEMO-MPL-0333,Demo Constituency 13,Sample District 18,Education,67.99,60.79,65.66,99.05,393,0,19,68.55,0.663,9,1
DEMO-MPL-0334,Demo Constituency 14,Sample District 19,Community,52.73,46.18,42.84,100.0,159,22,2,47.81,0.428,10,1
DEMO-MPL-0335,Demo Constituency 15,Sample District 20,Road,79.0,62.11,52.66,79.88,570,46,23,59.85,0.659,1,0
DEMO-MPL-0336,Demo Constituency 16,Sample District 21,Community,84.1,71.81,55.28,72.48,612,31,24,80.51,0.763,3,0
DEMO-MPL-0337,Demo Constituency 17,Sample District 22,Road,73.54,52.19,34.59,65.06,445,26,13,74.45,0.532,6,0
DEMO-MPL-0338,Demo Constituency 18,Sample District 23,Community,34.11,24.15,15.41,71.57,577,8,17,30.9,0.215,7,0
DEMO-MPL-0339,Demo Constituency 19,Sample District 24,Health,54.27,31.68,29.67,100.0,233,68,24,48.17,0.297,6,1
DEMO-MPL-0340,Demo Constituency 20,Sample District 25,Health,49.14,44.06,22.94,29.5,96,302,12,54.52,0.778,7,0
DEMO-MPL-0341,Demo Constituency 01,Sample District 26,Education,83.52,52.17,49.96,94.2,300,43,11,75.28,0.53,1,0
DEMO-MPL-0342,Demo Constituency 02,Sample District 27,Community,60.51,45.11,46.36,95.05,447,32,17,69.85,0.488,8,0
DEMO-MPL-0343,Demo Constituency 03,Sample District 28,Community,22.43,17.03,8.93,53.13,701,5,13,29.84,0.168,9,0
DEMO-MPL-0344,Demo Constituency 04,Sample District 29,Health,74.94,64.28,59.86,92.16,378,19,12,112.93,0.649,3,0
DEMO-MPL-0345,Demo Constituency 05,Sample District 30,Health,47.8,35.71,32.5,79.1,119,6,9,57.03,0.411,7,0
DEMO-MPL-0346,Demo Constituency 06,Sample District 31,Water,60.08,43.32,28.68,67.28,131,12,10,57.57,0.426,4,0
DEMO-MPL-0347,Demo Constituency 07,Sample District 32,Health,46.64,41.35,38.91,95.61,691,38,17,51.06,0.407,6,0
DEMO-MPL-0348,Demo Constituency 08,Sample District 33,Community,52.29,38.42,33.71,92.21,156,1,6,69.29,0.366,1,0
DEMO-MPL-0349,Demo Constituency 09,Sample District 34,Road,64.12,41.52,12.98,31.22,382,13,8,62.93,0.416,6,0
DEMO-MPL-0350,Demo Constituency 10,Sample District 35,Road,25.83,18.03,17.27,87.28,193,0,10,57.84,0.198,42,0
DEMO-MPL-0351,Demo Constituency 11,Sample District 01,Water,55.44,45.9,41.17,100.0,438,0,24,65.21,0.412,5,1
DEMO-MPL-0352,Demo Constituency 12,Sample District 02,Health,36.09,26.09,22.37,79.82,286,55,4,35.92,0.28,8,0
DEMO-MPL-0353,Demo Constituency 13,Sample District 03,Lighting,82.11,79.26,63.56,82.09,482,9,17,70.28,0.774,2,0
DEMO-MPL-0354,Demo Constituency 14,Sample District 04,Road,79.47,52.44,37.62,62.97,651,2,1,102.92,0.598,7,0
DEMO-MPL-0355,Demo Constituency 15,Sample District 05,Lighting,60.78,35.07,18.61,58.17,253,3,17,96.75,0.32,4,0
DEMO-MPL-0356,Demo Constituency 16,Sample District 06,Road,30.34,24.37,20.25,80.26,681,0,17,25.62,0.252,8,0
DEMO-MPL-0357,Demo Constituency 17,Sample District 07,Education,16.31,16.21,10.49,70.04,173,2,20,17.28,0.15,9,0
DEMO-MPL-0358,Demo Constituency 18,Sample District 08,Community,77.66,76.19,67.92,86.56,685,37,4,78.31,0.785,6,0
DEMO-MPL-0359,Demo Constituency 19,Sample District 09,Community,50.69,31.46,14.71,45.74,298,7,6,42.95,0.322,8,0
DEMO-MPL-0360,Demo Constituency 20,Sample District 10,Water,31.37,20.88,27.58,39.98,306,9,8,21.92,0.69,11,0
DEMO-MPL-0361,Demo Constituency 01,Sample District 11,Community,58.91,45.8,41.38,96.71,214,11,16,79.97,0.428,7,0
DEMO-MPL-0362,Demo Constituency 02,Sample District 12,Health,12.0,7.14,6.3,76.29,213,0,2,13.95,0.083,11,0
DEMO-MPL-0363,Demo Constituency 03,Sample District 13,Education,62.93,57.01,18.86,33.9,179,44,8,65.16,0.556,1,0
DEMO-MPL-0364,Demo Constituency 04,Sample District 14,Lighting,51.14,50.67,27.11,47.6,486,4,20,22.1,0.57,4,0
DEMO-MPL-0365,Demo Constituency 05,Sample District 15,Community,89.28,72.8,47.83,56.57,302,24,2,82.25,0.846,4,0
DEMO-MPL-0366,Demo Constituency 06,Sample District 16,Water,63.0,42.55,45.95,100.0,582,0,23,71.25,0.46,5,1
DEMO-MPL-0367,Demo Constituency 07,Sample District 17,Community,50.78,38.77,1.1,3.0,202,26,8,51.64,0.368,10,0
DEMO-MPL-0368,Demo Constituency 08,Sample District 18,Lighting,30.08,27.24,17.53,66.29,328,0,7,37.96,0.264,2,0
DEMO-MPL-0369,Demo Constituency 09,Sample District 19,Education,102.69,65.0,44.11,66.16,664,8,10,103.08,0.667,5,0
DEMO-MPL-0370,Demo Constituency 10,Sample District 20,Community,40.75,39.25,30.38,46.89,222,541,22,38.34,0.648,1,0
DEMO-MPL-0371,Demo Constituency 11,Sample District 21,Road,89.29,57.77,43.87,72.47,407,59,20,116.57,0.605,5,0
DEMO-MPL-0372,Demo Constituency 12,Sample District 22,Health,110.58,81.21,41.21,54.38,654,84,2,100.98,0.758,5,0
DEMO-MPL-0373,Demo Constituency 13,Sample District 23,Lighting,73.13,68.82,69.42,100.0,706,11,1,87.17,0.694,7,1
DEMO-MPL-0374,Demo Constituency 14,Sample District 24,Education,74.27,62.89,62.65,100.0,261,27,13,64.37,0.627,4,1
DEMO-MPL-0375,Demo Constituency 15,Sample District 25,Community,81.26,76.68,58.19,76.84,380,0,10,104.03,0.757,11,0
DEMO-MPL-0376,Demo Constituency 16,Sample District 26,Lighting,41.23,27.46,16.95,62.57,120,43,6,33.47,0.271,3,0
DEMO-MPL-0377,Demo Constituency 17,Sample District 27,Lighting,55.8,39.02,33.81,81.87,576,52,1,56.24,0.413,11,0
DEMO-MPL-0378,Demo Constituency 18,Sample District 28,Community,39.63,29.85,19.84,65.13,253,0,19,40.43,0.305,8,0
DEMO-MPL-0379,Demo Constituency 19,Sample District 29,Water,68.68,48.01,44.26,80.59,264,49,17,54.89,0.549,3,0
DEMO-MPL-0380,Demo Constituency 20,Sample District 30,Lighting,48.07,35.67,13.24,37.4,172,6,17,145.54,0.354,46,0
DEMO-MPL-0381,Demo Constituency 01,Sample District 31,Lighting,61.75,44.43,27.75,59.46,470,77,5,50.08,0.467,3,0
DEMO-MPL-0382,Demo Constituency 02,Sample District 32,Education,62.57,54.45,16.11,26.15,279,23,5,39.73,0.616,4,0
DEMO-MPL-0383,Demo Constituency 03,Sample District 33,Community,81.06,56.68,32.61,54.87,635,11,2,91.42,0.594,9,0
DEMO-MPL-0384,Demo Constituency 04,Sample District 34,Road,38.08,33.2,26.61,71.01,131,48,17,31.35,0.375,6,0
DEMO-MPL-0385,Demo Constituency 05,Sample District 35,Community,33.06,28.18,30.43,100.0,447,0,24,28.94,0.304,2,1
DEMO-MPL-0386,Demo Constituency 06,Sample District 01,Road,81.16,63.16,44.89,65.16,576,0,7,66.34,0.689,1,0
DEMO-MPL-0387,Demo Constituency 07,Sample District 02,Health,84.74,79.56,83.77,100.0,458,6,7,80.45,0.838,3,1
DEMO-MPL-0388,Demo Constituency 08,Sample District 03,Lighting,30.53,22.12,18.16,75.67,460,30,3,33.32,0.24,6,0
DEMO-MPL-0389,Demo Constituency 09,Sample District 04,Road,67.08,56.5,29.46,48.12,632,25,11,57.38,0.612,3,0
DEMO-MPL-0390,Demo Constituency 10,Sample District 05,Road,33.25,28.78,36.39,26.22,714,19,15,52.75,1.388,7,0
DEMO-MPL-0391,Demo Constituency 11,Sample District 06,Water,66.19,59.04,61.4,88.73,210,31,4,52.83,0.692,6,0
DEMO-MPL-0392,Demo Constituency 12,Sample District 07,Road,55.05,41.16,26.2,51.19,174,0,13,46.26,0.512,1,0
DEMO-MPL-0393,Demo Constituency 13,Sample District 08,Water,70.03,49.71,39.6,81.42,510,1,22,59.95,0.486,9,0
DEMO-MPL-0394,Demo Constituency 14,Sample District 09,Health,31.86,22.47,23.58,94.67,481,44,22,20.0,0.249,6,0
DEMO-MPL-0395,Demo Constituency 15,Sample District 10,Road,61.9,35.08,27.79,83.3,146,5,3,67.65,0.334,3,0
DEMO-MPL-0396,Demo Constituency 16,Sample District 11,Lighting,27.91,16.25,6.75,41.49,627,0,9,22.76,0.163,11,0
DEMO-MPL-0397,Demo Constituency 17,Sample District 12,Lighting,32.03,31.45,18.63,63.99,200,50,16,28.71,0.291,7,0
DEMO-MPL-0398,Demo Constituency 18,Sample District 13,Road,83.6,58.16,36.55,59.04,496,36,16,87.28,0.619,2,0
DEMO-MPL-0399,Demo Constituency 19,Sample District 14,Lighting,45.94,38.26,28.29,68.07,114,50,3,49.3,0.416,7,0
DEMO-MPL-0400,Demo Constituency 20,Sample District 15,Education,84.58,65.06,70.26,62.3,326,269,19,51.69,1.128,2,0
DEMO-MPL-0401,Demo Constituency 01,Sample District 16,Lighting,56.62,32.72,27.0,83.01,294,63,8,65.34,0.325,1,0
DEMO-MPL-0402,Demo Constituency 02,Sample District 17,Lighting,70.01,47.7,50.25,95.53,689,0,21,56.67,0.526,2,0
DEMO-MPL-0403,Demo Constituency 03,Sample District 18,Road,63.68,55.3,42.38,79.61,289,0,5,64.77,0.532,10,0
DEMO-MPL-0404,Demo Constituency 04,Sample District 19,Water,57.02,55.58,16.94,30.47,633,32,2,74.63,0.556,3,0
DEMO-MPL-0405,Demo Constituency 05,Sample District 20,Water,50.58,34.47,25.42,69.79,314,65,18,53.56,0.364,10,0
DEMO-MPL-0406,Demo Constituency 06,Sample District 21,Health,57.14,51.89,34.1,58.86,156,15,8,51.69,0.579,5,0
DEMO-MPL-0407,Demo Constituency 07,Sample District 22,Water,33.1,25.58,22.8,91.99,164,13,23,37.52,0.248,6,0
DEMO-MPL-0408,Demo Constituency 08,Sample District 23,Water,86.7,70.51,31.02,47.75,516,51,17,67.13,0.65,4,0
DEMO-MPL-0409,Demo Constituency 09,Sample District 24,Lighting,64.1,61.01,32.48,54.14,504,40,1,62.04,0.6,2,0
DEMO-MPL-0410,Demo Constituency 10,Sample District 25,Health,61.33,46.29,41.59,81.31,361,49,4,142.48,0.512,52,0
DEMO-MPL-0411,Demo Constituency 11,Sample District 26,Community,35.8,34.91,20.94,55.46,181,27,7,42.87,0.378,3,0
DEMO-MPL-0412,Demo Constituency 12,Sample District 27,Road,54.44,52.65,28.5,49.58,556,15,3,55.16,0.575,10,0
DEMO-MPL-0413,Demo Constituency 13,Sample District 28,Health,78.02,74.76,57.56,74.38,612,17,20,76.76,0.774,10,0
DEMO-MPL-0414,Demo Constituency 14,Sample District 29,Health,16.52,10.08,5.75,56.67,434,36,2,12.62,0.102,5,0
DEMO-MPL-0415,Demo Constituency 15,Sample District 30,Road,50.34,46.95,44.56,86.87,409,17,9,51.92,0.513,4,0
DEMO-MPL-0416,Demo Constituency 16,Sample District 31,Community,69.86,66.04,30.32,43.16,363,3,20,63.64,0.702,10,0
DEMO-MPL-0417,Demo Constituency 17,Sample District 32,Water,44.33,30.94,17.22,53.37,371,0,1,45.35,0.323,9,0
DEMO-MPL-0418,Demo Constituency 18,Sample District 33,Lighting,68.69,64.94,22.03,33.67,103,27,17,63.81,0.654,11,0
DEMO-MPL-0419,Demo Constituency 19,Sample District 34,Community,25.5,14.04,7.14,51.82,191,16,24,20.07,0.138,3,0
DEMO-MPL-0420,Demo Constituency 20,Sample District 35,Lighting,62.97,47.42,64.77,24.95,313,35,1,61.41,2.595,2,0
DEMO-MPL-0421,Demo Constituency 01,Sample District 01,Education,34.38,25.7,5.38,22.11,597,39,14,27.48,0.243,8,0
DEMO-MPL-0422,Demo Constituency 02,Sample District 02,Health,17.12,16.6,9.85,54.15,271,51,11,11.59,0.182,10,0
DEMO-MPL-0423,Demo Constituency 03,Sample District 03,Lighting,73.61,47.4,48.67,100.0,702,0,21,74.05,0.487,7,1
DEMO-MPL-0424,Demo Constituency 04,Sample District 04,Health,33.67,24.46,18.58,68.7,666,55,10,33.05,0.27,7,0
DEMO-MPL-0425,Demo Constituency 05,Sample District 05,Lighting,81.41,62.97,27.74,41.56,481,37,17,110.35,0.667,7,0
DEMO-MPL-0426,Demo Constituency 06,Sample District 06,Lighting,22.69,21.86,22.7,100.0,676,37,15,19.28,0.227,9,1
DEMO-MPL-0427,Demo Constituency 07,Sample District 07,Road,51.75,31.02,32.06,100.0,601,14,13,62.16,0.321,11,1
DEMO-MPL-0428,Demo Constituency 08,Sample District 08,Lighting,48.73,27.87,26.46,92.44,106,42,12,66.67,0.286,4,0
DEMO-MPL-0429,Demo Constituency 09,Sample District 09,Water,90.16,55.85,23.99,45.0,308,44,22,90.19,0.533,5,0
DEMO-MPL-0430,Demo Constituency 10,Sample District 10,Road,29.07,22.27,8.27,34.17,193,459,3,36.75,0.242,8,0
DEMO-MPL-0431,Demo Constituency 11,Sample District 11,Health,82.1,63.57,55.76,81.31,422,0,11,99.15,0.686,6,0
DEMO-MPL-0432,Demo Constituency 12,Sample District 12,Water,47.02,46.46,47.51,90.12,412,46,1,52.98,0.527,6,0
DEMO-MPL-0433,Demo Constituency 13,Sample District 13,Education,59.97,41.27,23.94,60.83,286,16,15,76.05,0.394,5,0
DEMO-MPL-0434,Demo Constituency 14,Sample District 14,Community,80.08,71.64,73.38,95.06,254,17,15,88.66,0.772,8,0
DEMO-MPL-0435,Demo Constituency 15,Sample District 15,Education,61.55,55.44,59.09,100.0,602,38,2,66.61,0.591,4,1
DEMO-MPL-0436,Demo Constituency 16,Sample District 16,Water,44.24,41.64,40.32,94.97,145,33,6,47.3,0.425,5,0
DEMO-MPL-0437,Demo Constituency 17,Sample District 17,Water,58.28,56.59,49.16,84.08,173,15,6,46.38,0.585,3,0
DEMO-MPL-0438,Demo Constituency 18,Sample District 18,Education,66.46,54.95,18.28,32.59,234,64,14,82.51,0.561,8,0
DEMO-MPL-0439,Demo Constituency 19,Sample District 19,Education,68.37,56.73,18.37,32.27,192,46,4,69.42,0.569,10,0
DEMO-MPL-0440,Demo Constituency 20,Sample District 20,Education,54.61,45.83,34.75,77.52,448,65,19,150.07,0.448,56,0
DEMO-MPL-0441,Demo Constituency 01,Sample District 21,Lighting,31.94,20.68,21.43,93.88,412,18,13,33.92,0.228,2,0
DEMO-MPL-0442,Demo Constituency 02,Sample District 22,Water,39.82,35.45,28.22,85.66,241,59,10,52.38,0.329,9,0
DEMO-MPL-0443,Demo Constituency 03,Sample District 23,Road,31.81,20.41,17.71,79.76,648,33,2,30.72,0.222,6,0
DEMO-MPL-0444,Demo Constituency 04,Sample District 24,Road,16.25,15.44,12.58,75.83,340,40,6,22.6,0.166,4,0
DEMO-MPL-0445,Demo Constituency 05,Sample District 25,Community,56.64,40.33,28.69,75.03,563,3,8,49.31,0.382,9,0
DEMO-MPL-0446,Demo Constituency 06,Sample District 26,Education,87.64,59.17,59.17,100.0,129,12,18,75.88,0.592,9,1
DEMO-MPL-0447,Demo Constituency 07,Sample District 27,Health,88.71,62.69,53.09,92.17,477,25,15,101.24,0.576,3,0
DEMO-MPL-0448,Demo Constituency 08,Sample District 28,Education,90.3,80.22,75.88,87.45,271,8,8,80.12,0.868,1,0
DEMO-MPL-0449,Demo Constituency 09,Sample District 29,Lighting,60.92,49.24,10.43,18.83,434,33,2,56.47,0.554,3,0
DEMO-MPL-0450,Demo Constituency 10,Sample District 30,Lighting,44.19,41.56,58.15,46.48,702,25,24,35.12,1.251,10,0
DEMO-MPL-0451,Demo Constituency 11,Sample District 31,Lighting,84.19,70.49,35.84,50.03,522,17,21,105.01,0.716,9,0
DEMO-MPL-0452,Demo Constituency 12,Sample District 32,Health,28.39,24.68,6.7,26.55,438,16,23,19.43,0.252,8,0
DEMO-MPL-0453,Demo Constituency 13,Sample District 33,Water,49.35,32.81,35.43,100.0,703,46,20,55.46,0.354,6,1
DEMO-MPL-0454,Demo Constituency 14,Sample District 34,Water,65.65,38.77,22.62,60.95,220,24,7,69.63,0.371,7,0
DEMO-MPL-0455,Demo Constituency 15,Sample District 35,Water,64.92,48.88,31.54,62.61,493,0,12,65.4,0.504,4,0
DEMO-MPL-0456,Demo Constituency 16,Sample District 01,Lighting,69.59,69.22,52.12,81.75,348,0,3,76.7,0.638,5,0
DEMO-MPL-0457,Demo Constituency 17,Sample District 02,Lighting,59.75,50.67,26.65,50.54,509,0,23,61.76,0.527,8,0
DEMO-MPL-0458,Demo Constituency 18,Sample District 03,Community,67.4,58.44,63.12,100.0,607,0,19,48.23,0.631,6,1
DEMO-MPL-0459,Demo Constituency 19,Sample District 04,Lighting,40.63,31.94,14.74,48.82,214,22,24,32.57,0.302,7,0
DEMO-MPL-0460,Demo Constituency 20,Sample District 05,Road,40.81,22.88,18.72,37.52,154,540,14,37.73,0.499,6,0
DEMO-MPL-0461,Demo Constituency 01,Sample District 06,Lighting,59.77,41.28,21.03,46.67,265,35,2,61.94,0.451,2,0
DEMO-MPL-0462,Demo Constituency 02,Sample District 07,Water,73.32,59.06,55.11,91.31,492,60,6,81.13,0.604,1,0
DEMO-MPL-0463,Demo Constituency 03,Sample District 08,Health,63.43,54.47,32.79,47.87,339,14,11,56.5,0.685,7,0
DEMO-MPL-0464,Demo Constituency 04,Sample District 09,Education,91.98,61.79,27.62,49.5,109,4,16,101.76,0.558,7,0
DEMO-MPL-0465,Demo Constituency 05,Sample District 10,Education,49.93,33.99,7.82,23.66,487,57,24,42.62,0.33,1,0
DEMO-MPL-0466,Demo Constituency 06,Sample District 11,Road,74.67,63.0,39.03,61.09,271,0,16,46.49,0.639,8,0
DEMO-MPL-0467,Demo Constituency 07,Sample District 12,Road,74.71,53.42,40.99,74.88,271,54,7,79.88,0.547,3,0
DEMO-MPL-0468,Demo Constituency 08,Sample District 13,Health,74.51,56.74,33.54,55.57,370,38,1,59.07,0.603,4,0
DEMO-MPL-0469,Demo Constituency 09,Sample District 14,Lighting,68.12,56.47,39.0,65.15,297,0,21,85.17,0.599,3,0
DEMO-MPL-0470,Demo Constituency 10,Sample District 15,Community,31.26,17.22,11.8,58.44,166,11,20,90.15,0.202,47,0
DEMO-MPL-0471,Demo Constituency 11,Sample District 16,Health,25.5,25.35,14.99,62.55,621,22,23,23.37,0.24,10,0
DEMO-MPL-0472,Demo Constituency 12,Sample District 17,Water,53.15,51.34,31.5,74.83,565,28,8,51.03,0.421,7,0
DEMO-MPL-0473,Demo Constituency 13,Sample District 18,Community,63.89,55.4,33.07,59.07,157,12,9,53.26,0.56,6,0
DEMO-MPL-0474,Demo Constituency 14,Sample District 19,Water,62.03,48.39,52.26,100.0,610,22,21,58.18,0.523,2,1
DEMO-MPL-0475,Demo Constituency 15,Sample District 20,Community,52.37,44.37,41.51,89.21,403,0,6,73.78,0.465,3,0
DEMO-MPL-0476,Demo Constituency 16,Sample District 21,Health,40.96,32.41,34.89,100.0,153,15,4,38.75,0.349,9,1
DEMO-MPL-0477,Demo Constituency 17,Sample District 22,Road,56.07,43.38,33.6,74.7,377,21,9,85.66,0.45,9,0
DEMO-MPL-0478,Demo Constituency 18,Sample District 23,Road,40.16,25.54,19.39,82.37,622,26,5,24.32,0.235,9,0
DEMO-MPL-0479,Demo Constituency 19,Sample District 24,Health,58.23,43.17,22.71,56.39,494,0,23,76.19,0.403,1,0
DEMO-MPL-0480,Demo Constituency 20,Sample District 25,Water,33.96,20.3,26.05,15.89,306,24,8,26.31,1.64,11,0
DEMO-MPL-0481,Demo Constituency 01,Sample District 26,Road,66.84,41.07,14.37,37.8,456,11,4,84.3,0.38,7,0
DEMO-MPL-0482,Demo Constituency 02,Sample District 27,Health,85.19,52.2,23.52,47.35,709,17,16,71.12,0.497,1,0
DEMO-MPL-0483,Demo Constituency 03,Sample District 28,Community,26.9,15.67,1.04,6.17,175,0,12,36.0,0.169,10,0
DEMO-MPL-0484,Demo Constituency 04,Sample District 29,Education,65.06,45.26,34.4,83.7,245,0,1,95.59,0.411,8,0
DEMO-MPL-0485,Demo Constituency 05,Sample District 30,Education,34.95,24.84,11.29,39.94,354,11,6,25.02,0.283,1,0
DEMO-MPL-0486,Demo Constituency 06,Sample District 31,Health,52.63,43.45,26.75,58.77,727,32,5,48.25,0.455,5,0
DEMO-MPL-0487,Demo Constituency 07,Sample District 32,Water,72.65,54.76,40.3,67.33,297,0,18,60.22,0.599,5,0
DEMO-MPL-0488,Demo Constituency 08,Sample District 33,Health,74.62,72.83,58.87,76.13,536,55,16,80.13,0.773,5,0
DEMO-MPL-0489,Demo Constituency 09,Sample District 34,Lighting,90.57,72.07,48.58,69.99,510,56,8,87.84,0.694,1,0
DEMO-MPL-0490,Demo Constituency 10,Sample District 35,Road,14.66,8.96,5.71,35.24,570,355,12,13.17,0.162,4,0
DEMO-MPL-0491,Demo Constituency 11,Sample District 01,Water,41.28,32.87,29.32,92.56,549,58,8,44.73,0.317,10,0
DEMO-MPL-0492,Demo Constituency 12,Sample District 02,Road,52.73,51.94,22.66,46.09,700,7,11,35.19,0.492,7,0
DEMO-MPL-0493,Demo Constituency 13,Sample District 03,Community,63.16,60.61,63.86,100.0,595,32,10,71.3,0.639,8,1
DEMO-MPL-0494,Demo Constituency 14,Sample District 04,Education,65.2,54.91,30.51,60.35,201,3,23,49.24,0.505,5,0
DEMO-MPL-0495,Demo Constituency 15,Sample District 05,Lighting,84.33,66.88,27.49,43.39,265,16,1,92.79,0.633,7,0
DEMO-MPL-0496,Demo Constituency 16,Sample District 06,Road,80.26,74.33,41.89,60.61,204,30,5,83.04,0.691,4,0
DEMO-MPL-0497,Demo Constituency 17,Sample District 07,Lighting,89.46,61.08,38.47,59.0,487,2,12,94.14,0.652,4,0
DEMO-MPL-0498,Demo Constituency 18,Sample District 08,Health,73.11,70.33,71.8,100.0,151,63,15,66.96,0.718,10,1
DEMO-MPL-0499,Demo Constituency 19,Sample District 09,Health,62.3,50.79,35.18,76.41,410,0,13,53.03,0.46,6,0
DEMO-MPL-0500,Demo Constituency 20,Sample District 10,Community,54.28,54.2,38.81,72.11,600,39,20,157.65,0.538,47,0
DEMO-MPL-0501,Demo Constituency 01,Sample District 11,Lighting,57.61,44.92,22.82,48.98,310,23,1,39.83,0.466,9,0
DEMO-MPL-0502,Demo Constituency 02,Sample District 12,Road,54.71,43.12,27.46,62.7,123,47,10,52.53,0.438,1,0
DEMO-MPL-0503,Demo Constituency 03,Sample District 13,Community,46.08,33.97,30.57,81.87,391,39,12,44.26,0.373,5,0
DEMO-MPL-0504,Demo Constituency 04,Sample District 14,Health,81.4,52.36,27.37,50.05,498,2,7,78.55,0.547,2,0
DEMO-MPL-0505,Demo Constituency 05,Sample District 15,Community,12.0,8.78,5.48,61.29,499,0,12,9.78,0.089,4,0
DEMO-MPL-0506,Demo Constituency 06,Sample District 16,Lighting,47.42,37.94,24.07,56.71,446,26,24,42.96,0.424,3,0
DEMO-MPL-0507,Demo Constituency 07,Sample District 17,Road,57.57,44.21,20.11,45.72,710,83,20,57.12,0.44,2,0
DEMO-MPL-0508,Demo Constituency 08,Sample District 18,Road,31.93,27.96,24.43,81.35,478,35,21,29.89,0.3,11,0
DEMO-MPL-0509,Demo Constituency 09,Sample District 19,Lighting,61.76,36.81,17.25,46.77,135,0,20,76.29,0.369,1,0
DEMO-MPL-0510,Demo Constituency 10,Sample District 20,Education,58.66,33.89,41.14,36.4,566,2,5,50.34,1.13,1,0
DEMO-MPL-0511,Demo Constituency 11,Sample District 21,Education,41.86,24.36,11.62,50.21,253,43,17,40.29,0.231,9,0
DEMO-MPL-0512,Demo Constituency 12,Sample District 22,Community,51.31,48.37,33.03,61.44,658,33,5,49.55,0.538,9,0
DEMO-MPL-0513,Demo Constituency 13,Sample District 23,Health,44.6,40.04,38.01,100.0,447,20,5,74.52,0.38,7,1
DEMO-MPL-0514,Demo Constituency 14,Sample District 24,Road,49.63,37.93,39.35,100.0,428,20,18,31.43,0.394,4,1
DEMO-MPL-0515,Demo Constituency 15,Sample District 25,Road,90.0,63.28,47.38,76.78,187,33,5,112.29,0.617,8,0
DEMO-MPL-0516,Demo Constituency 16,Sample District 26,Lighting,68.03,66.69,23.16,32.38,460,18,24,70.81,0.715,6,0
DEMO-MPL-0517,Demo Constituency 17,Sample District 27,Community,35.47,26.26,18.9,64.55,445,25,20,29.46,0.293,8,0
DEMO-MPL-0518,Demo Constituency 18,Sample District 28,Education,46.76,34.24,22.92,77.66,663,55,7,46.57,0.295,11,0
DEMO-MPL-0519,Demo Constituency 19,Sample District 29,Health,109.83,104.72,73.67,66.25,668,5,22,154.24,1.112,10,0
DEMO-MPL-0520,Demo Constituency 20,Sample District 30,Water,76.08,44.41,41.22,43.05,421,472,20,49.62,0.957,2,0
DEMO-MPL-0521,Demo Constituency 01,Sample District 31,Water,14.24,14.22,13.15,81.06,530,17,5,16.48,0.162,2,0
DEMO-MPL-0522,Demo Constituency 02,Sample District 32,Education,50.44,39.55,28.85,67.89,310,20,19,49.95,0.425,10,0
DEMO-MPL-0523,Demo Constituency 03,Sample District 33,Lighting,84.61,79.04,62.71,79.41,486,66,22,138.27,0.79,7,0
DEMO-MPL-0524,Demo Constituency 04,Sample District 34,Health,42.83,24.69,22.81,77.89,127,6,6,51.94,0.293,11,0
DEMO-MPL-0525,Demo Constituency 05,Sample District 35,Health,36.86,34.21,36.88,100.0,691,29,23,35.54,0.369,1,1
DEMO-MPL-0526,Demo Constituency 06,Sample District 01,Education,58.68,51.56,22.47,44.94,609,29,11,60.04,0.5,10,0
DEMO-MPL-0527,Demo Constituency 07,Sample District 02,Health,44.2,37.36,37.18,100.0,622,36,6,36.33,0.372,8,1
DEMO-MPL-0528,Demo Constituency 08,Sample District 03,Education,19.78,13.04,12.53,96.06,290,31,22,17.53,0.13,11,0
DEMO-MPL-0529,Demo Constituency 09,Sample District 04,Community,43.23,32.18,18.57,54.58,394,54,10,31.38,0.34,6,0
DEMO-MPL-0530,Demo Constituency 10,Sample District 05,Water,66.68,42.53,42.49,100.0,467,43,24,174.62,0.425,39,1
DEMO-MPL-0531,Demo Constituency 11,Sample District 06,Lighting,12.0,8.24,7.21,87.74,617,5,18,10.13,0.082,2,0
DEMO-MPL-0532,Demo Constituency 12,Sample District 07,Lighting,67.1,47.76,25.47,55.51,481,25,5,71.82,0.459,10,0
DEMO-MPL-0533,Demo Constituency 13,Sample District 08,Education,43.49,24.3,24.17,100.0,584,5,12,37.45,0.242,6,1
DEMO-MPL-0534,Demo Constituency 14,Sample District 09,Lighting,58.01,41.59,32.42,73.75,547,32,18,57.29,0.44,11,0
DEMO-MPL-0535,Demo Constituency 15,Sample District 10,Water,66.15,36.45,27.44,73.39,274,9,8,52.29,0.374,3,0
DEMO-MPL-0536,Demo Constituency 16,Sample District 11,Community,42.25,26.79,19.38,69.6,181,12,6,50.24,0.278,9,0
DEMO-MPL-0537,Demo Constituency 17,Sample District 12,Water,70.51,57.05,11.17,20.95,604,50,20,77.24,0.533,4,0
DEMO-MPL-0538,Demo Constituency 18,Sample District 13,Education,61.33,57.97,32.06,54.76,449,53,3,59.11,0.585,6,0
DEMO-MPL-0539,Demo Constituency 19,Sample District 14,Education,45.67,42.43,27.51,76.32,476,37,16,42.94,0.36,3,0
DEMO-MPL-0540,Demo Constituency 20,Sample District 15,Community,59.96,34.19,42.14,18.51,557,14,11,53.39,2.277,3,0
DEMO-MPL-0541,Demo Constituency 01,Sample District 16,Road,49.87,49.68,28.34,51.49,149,19,22,47.5,0.55,1,0
DEMO-MPL-0542,Demo Constituency 02,Sample District 17,Health,23.8,18.83,11.4,51.66,503,0,20,16.12,0.221,10,0
DEMO-MPL-0543,Demo Constituency 03,Sample District 18,Health,47.61,44.7,15.36,32.57,299,6,19,53.53,0.472,9,0
DEMO-MPL-0544,Demo Constituency 04,Sample District 19,Education,51.77,51.68,49.59,82.89,93,57,7,39.6,0.598,1,0
DEMO-MPL-0545,Demo Constituency 05,Sample District 20,Education,32.44,18.12,13.22,73.51,583,0,15,31.47,0.18,6,0
DEMO-MPL-0546,Demo Constituency 06,Sample District 21,Road,42.92,38.21,41.27,100.0,571,30,15,41.58,0.413,11,1
DEMO-MPL-0547,Demo Constituency 07,Sample District 22,Education,89.42,66.54,40.97,63.49,485,1,19,109.74,0.645,6,0
DEMO-MPL-0548,Demo Constituency 08,Sample District 23,Health,66.08,58.15,62.8,100.0,120,5,18,51.49,0.628,11,1
DEMO-MPL-0549,Demo Constituency 09,Sample District 24,Community,61.75,52.14,14.64,30.85,411,0,13,67.05,0.475,5,0
DEMO-MPL-0550,Demo Constituency 10,Sample District 25,Water,61.97,35.44,35.31,64.06,354,358,24,48.81,0.551,6,0
DEMO-MPL-0551,Demo Constituency 11,Sample District 26,Road,35.55,20.68,15.32,69.63,251,24,12,34.89,0.22,8,0
DEMO-MPL-0552,Demo Constituency 12,Sample District 27,Community,52.57,29.49,10.18,32.05,567,88,24,48.7,0.318,3,0
DEMO-MPL-0553,Demo Constituency 13,Sample District 28,Road,62.67,55.76,47.91,76.92,610,7,23,68.16,0.623,7,0
DEMO-MPL-0554,Demo Constituency 14,Sample District 29,Health,51.07,47.59,50.16,100.0,650,4,23,59.11,0.502,1,1
DEMO-MPL-0555,Demo Constituency 15,Sample District 30,Education,69.28,64.6,51.92,73.7,138,34,14,67.31,0.705,9,0
DEMO-MPL-0556,Demo Constituency 16,Sample District 31,Road,63.05,41.36,33.03,68.54,674,0,1,57.75,0.482,3,0
DEMO-MPL-0557,Demo Constituency 17,Sample District 32,Education,38.12,26.65,13.48,47.88,715,0,9,20.95,0.281,11,0
DEMO-MPL-0558,Demo Constituency 18,Sample District 33,Education,47.0,43.97,11.52,28.31,507,44,3,61.11,0.407,11,0
DEMO-MPL-0559,Demo Constituency 19,Sample District 34,Health,35.82,24.91,10.85,43.16,284,19,12,29.74,0.251,7,0
DEMO-MPL-0560,Demo Constituency 20,Sample District 35,Water,79.0,66.15,58.64,88.04,417,0,16,182.86,0.666,60,0
DEMO-MPL-0561,Demo Constituency 01,Sample District 01,Education,54.97,41.29,26.62,68.95,431,28,7,46.13,0.386,10,0
DEMO-MPL-0562,Demo Constituency 02,Sample District 02,Water,77.99,50.65,34.36,74.54,169,33,1,62.16,0.461,4,0
DEMO-MPL-0563,Demo Constituency 03,Sample District 03,Road,33.66,21.77,19.45,84.95,633,0,12,36.78,0.229,5,0
DEMO-MPL-0564,Demo Constituency 04,Sample District 04,Community,12.0,11.36,10.88,99.31,725,6,14,10.11,0.11,10,1
DEMO-MPL-0565,Demo Constituency 05,Sample District 05,Water,97.18,78.78,84.06,100.0,500,0,20,107.76,0.841,5,1
DEMO-MPL-0566,Demo Constituency 06,Sample District 06,Community,65.01,55.06,34.96,61.09,114,28,3,72.06,0.572,9,0
DEMO-MPL-0567,Demo Constituency 07,Sample District 07,Education,38.24,34.11,31.13,78.59,585,0,24,39.85,0.396,4,0
DEMO-MPL-0568,Demo Constituency 08,Sample District 08,Lighting,80.98,61.72,39.39,76.43,361,43,18,73.64,0.515,5,0
DEMO-MPL-0569,Demo Constituency 09,Sample District 09,Education,61.27,48.17,51.42,100.0,395,63,24,39.13,0.514,10,1
DEMO-MPL-0570,Demo Constituency 10,Sample District 10,Community,54.04,31.83,42.97,20.33,370,43,5,62.35,2.113,5,0
DEMO-MPL-0571,Demo Constituency 11,Sample District 11,Health,99.59,77.48,68.59,86.31,357,20,11,101.38,0.795,11,0
DEMO-MPL-0572,Demo Constituency 12,Sample District 12,Community,86.54,78.91,30.59,37.36,128,13,15,73.28,0.819,5,0
DEMO-MPL-0573,Demo Constituency 13,Sample District 13,Health,94.5,90.64,3.39,3.0,573,0,17,91.81,1.132,4,0
DEMO-MPL-0574,Demo Constituency 14,Sample District 14,Health,76.61,69.0,68.09,100.0,442,5,2,59.25,0.681,7,1
DEMO-MPL-0575,Demo Constituency 15,Sample District 15,Health,23.57,15.05,6.94,43.69,108,0,9,18.18,0.159,3,0
DEMO-MPL-0576,Demo Constituency 16,Sample District 16,Health,44.68,25.89,27.96,100.0,296,22,13,36.32,0.28,10,1
DEMO-MPL-0577,Demo Constituency 17,Sample District 17,Education,41.17,34.85,23.75,71.42,562,35,6,36.66,0.333,3,0
DEMO-MPL-0578,Demo Constituency 18,Sample District 18,Health,56.16,31.04,13.52,44.44,402,0,11,51.01,0.304,9,0
DEMO-MPL-0579,Demo Constituency 19,Sample District 19,Lighting,42.72,41.11,44.4,100.0,344,72,24,35.14,0.444,8,1
DEMO-MPL-0580,Demo Constituency 20,Sample District 20,Education,55.75,42.98,24.82,26.81,572,325,7,58.89,0.925,3,0
DEMO-MPL-0581,Demo Constituency 01,Sample District 21,Community,93.51,69.81,47.65,69.62,396,7,8,67.64,0.684,6,0
DEMO-MPL-0582,Demo Constituency 02,Sample District 22,Education,53.71,40.08,21.78,51.58,556,30,5,51.34,0.422,8,0
DEMO-MPL-0583,Demo Constituency 03,Sample District 23,Education,73.76,48.41,32.21,64.56,691,44,22,45.54,0.499,7,0
DEMO-MPL-0584,Demo Constituency 04,Sample District 24,Lighting,73.96,54.36,44.65,81.96,265,3,24,78.79,0.545,5,0
DEMO-MPL-0585,Demo Constituency 05,Sample District 25,Education,82.41,70.63,36.11,44.05,671,46,17,85.5,0.82,10,0
DEMO-MPL-0586,Demo Constituency 06,Sample District 26,Road,12.0,11.35,4.94,43.43,96,30,17,10.99,0.114,5,0
DEMO-MPL-0587,Demo Constituency 07,Sample District 27,Water,65.15,39.84,23.46,58.51,282,82,9,58.78,0.401,9,0
DEMO-MPL-0588,Demo Constituency 08,Sample District 28,Road,40.81,30.95,28.71,90.4,170,16,14,39.14,0.318,4,0
DEMO-MPL-0589,Demo Constituency 09,Sample District 29,Community,53.86,45.68,31.3,73.56,657,0,10,62.12,0.426,3,0
DEMO-MPL-0590,Demo Constituency 10,Sample District 30,Lighting,69.12,59.66,17.46,29.83,496,28,8,174.6,0.585,49,0
DEMO-MPL-0591,Demo Constituency 11,Sample District 31,Road,120.86,98.94,83.4,74.83,317,0,9,144.06,1.114,10,0
DEMO-MPL-0592,Demo Constituency 12,Sample District 32,Lighting,93.22,93.21,79.21,72.2,724,41,7,86.94,1.097,8,0
DEMO-MPL-0593,Demo Constituency 13,Sample District 33,Water,39.3,30.57,10.43,33.04,546,55,20,31.83,0.316,10,0
DEMO-MPL-0594,Demo Constituency 14,Sample District 34,Road,59.5,48.04,13.14,26.53,418,39,3,37.77,0.495,9,0
DEMO-MPL-0595,Demo Constituency 15,Sample District 35,Education,74.13,72.16,44.66,64.5,131,46,20,66.01,0.692,2,0
DEMO-MPL-0596,Demo Constituency 16,Sample District 01,Lighting,58.56,55.39,49.77,81.11,211,0,9,80.54,0.614,4,0
DEMO-MPL-0597,Demo Constituency 17,Sample District 02,Education,45.49,37.92,24.73,65.29,262,22,7,46.18,0.379,9,0
DEMO-MPL-0598,Demo Constituency 18,Sample District 03,Health,99.38,63.06,36.64,63.17,334,6,2,126.6,0.58,11,0
DEMO-MPL-0599,Demo Constituency 19,Sample District 04,Water,74.68,67.39,34.1,50.09,510,0,17,53.53,0.681,7,0
DEMO-MPL-0600,Demo Constituency 20,Sample District 05,Road,34.07,22.37,27.46,32.91,423,0,6,41.57,0.834,3,0
DEMO-MPL-0601,Demo Constituency 01,Sample District 06,Health,24.21,13.41,5.51,37.38,102,40,8,20.15,0.147,7,0
DEMO-MPL-0602,Demo Constituency 02,Sample District 07,Lighting,50.93,48.02,26.37,61.77,352,55,10,34.98,0.427,9,0
DEMO-MPL-0603,Demo Constituency 03,Sample District 08,Health,46.36,30.17,19.9,61.19,601,37,4,37.36,0.325,7,0
DEMO-MPL-0604,Demo Constituency 04,Sample District 09,Health,38.21,22.79,13.8,58.35,309,28,21,27.12,0.236,8,0
DEMO-MPL-0605,Demo Constituency 05,Sample District 10,Lighting,35.1,26.74,15.96,55.45,451,0,15,30.59,0.288,3,0
DEMO-MPL-0606,Demo Constituency 06,Sample District 11,Water,44.18,33.04,19.78,59.76,529,65,16,41.77,0.331,3,0
DEMO-MPL-0607,Demo Constituency 07,Sample District 12,Health,70.31,61.64,17.13,28.85,131,21,7,77.54,0.594,6,0
DEMO-MPL-0608,Demo Constituency 08,Sample District 13,Education,64.78,60.11,34.5,55.41,389,28,16,90.77,0.623,9,0
DEMO-MPL-0609,Demo Constituency 09,Sample District 14,Health,75.27,42.26,18.14,41.99,634,37,21,79.14,0.432,4,0
DEMO-MPL-0610,Demo Constituency 10,Sample District 15,Education,84.33,53.6,38.3,36.7,699,373,19,76.95,1.044,2,0
DEMO-MPL-0611,Demo Constituency 11,Sample District 16,Education,26.87,24.82,25.21,96.19,247,62,20,30.0,0.262,3,0
DEMO-MPL-0612,Demo Constituency 12,Sample District 17,Health,96.09,64.73,51.16,80.94,447,30,24,107.62,0.632,7,0
DEMO-MPL-0613,Demo Constituency 13,Sample District 18,Education,66.15,40.7,21.08,53.44,197,19,24,83.16,0.395,7,0
DEMO-MPL-0614,Demo Constituency 14,Sample District 19,Education,57.44,40.48,34.69,88.95,266,21,15,69.2,0.39,11,0
DEMO-MPL-0615,Demo Constituency 15,Sample District 20,Community,59.76,52.16,5.87,11.75,402,6,11,61.61,0.5,5,0
DEMO-MPL-0616,Demo Constituency 16,Sample District 21,Community,43.71,32.23,21.32,70.27,687,15,20,41.28,0.303,5,0
DEMO-MPL-0617,Demo Constituency 17,Sample District 22,Water,79.76,63.81,1.88,3.0,309,27,15,96.14,0.626,10,0
DEMO-MPL-0618,Demo Constituency 18,Sample District 23,Health,70.9,58.6,49.94,72.09,450,0,21,75.02,0.693,2,0
DEMO-MPL-0619,Demo Constituency 19,Sample District 24,Water,47.12,38.9,35.28,88.51,416,9,2,50.22,0.399,2,0
DEMO-MPL-0620,Demo Constituency 20,Sample District 25,Health,50.45,39.24,32.83,87.3,474,17,3,108.26,0.376,57,0
DEMO-MPL-0621,Demo Constituency 01,Sample District 26,Education,23.01,22.14,5.14,24.06,205,44,8,16.7,0.214,4,0
DEMO-MPL-0622,Demo Constituency 02,Sample District 27,Water,94.84,53.86,39.18,76.14,308,0,21,109.7,0.515,7,0
DEMO-MPL-0623,Demo Constituency 03,Sample District 28,Health,82.06,75.96,42.81,56.58,586,20,12,77.62,0.757,1,0
DEMO-MPL-0624,Demo Constituency 04,Sample District 29,Education,16.5,10.69,11.54,97.21,316,50,1,11.32,0.119,4,0
DEMO-MPL-0625,Demo Constituency 05,Sample District 30,Education,41.03,39.92,9.9,24.06,645,33,10,25.37,0.411,6,0
DEMO-MPL-0626,Demo Constituency 06,Sample District 31,Road,88.19,76.94,71.7,90.5,543,34,21,89.04,0.792,10,0
DEMO-MPL-0627,Demo Constituency 07,Sample District 32,Lighting,41.92,32.57,22.27,67.81,375,25,16,41.37,0.328,3,0
DEMO-MPL-0628,Demo Constituency 08,Sample District 33,Lighting,75.64,42.37,17.75,41.61,378,0,22,87.6,0.426,3,0
DEMO-MPL-0629,Demo Constituency 09,Sample District 34,Health,84.84,80.27,51.82,54.57,519,56,11,83.8,0.95,3,0
DEMO-MPL-0630,Demo Constituency 10,Sample District 35,Community,59.54,37.31,44.84,15.15,327,26,5,55.72,2.96,4,0
DEMO-MPL-0631,Demo Constituency 11,Sample District 01,Road,41.85,41.15,12.87,29.66,294,0,10,41.01,0.434,7,0
DEMO-MPL-0632,Demo Constituency 12,Sample District 02,Education,52.44,31.26,28.33,94.97,649,1,3,68.24,0.298,9,0
DEMO-MPL-0633,Demo Constituency 13,Sample District 03,Education,55.02,35.04,26.22,67.95,713,17,20,60.62,0.386,4,0
DEMO-MPL-0634,Demo Constituency 14,Sample District 04,Water,52.83,33.43,26.13,67.27,540,44,11,49.66,0.388,11,0
DEMO-MPL-0635,Demo Constituency 15,Sample District 05,Lighting,72.39,54.82,39.32,71.45,118,10,13,92.39,0.55,8,0
DEMO-MPL-0636,Demo Constituency 16,Sample District 06,Education,88.21,58.76,41.45,73.85,374,24,19,62.33,0.561,4,0
DEMO-MPL-0637,Demo Constituency 17,Sample District 07,Road,50.89,42.89,32.8,77.75,346,19,4,20.66,0.422,3,0
DEMO-MPL-0638,Demo Constituency 18,Sample District 08,Community,81.74,78.68,21.18,23.27,393,24,23,58.79,0.91,10,0
DEMO-MPL-0639,Demo Constituency 19,Sample District 09,Water,56.17,45.48,33.6,68.21,565,7,5,60.6,0.493,4,0
DEMO-MPL-0640,Demo Constituency 20,Sample District 10,Health,12.0,7.68,5.84,33.61,204,479,19,10.08,0.174,6,0
DEMO-MPL-0641,Demo Constituency 01,Sample District 11,Community,107.1,95.65,81.77,85.89,376,0,16,100.91,0.952,3,0
DEMO-MPL-0642,Demo Constituency 02,Sample District 12,Community,88.66,77.72,16.5,21.74,149,21,9,140.01,0.759,7,0
DEMO-MPL-0643,Demo Constituency 03,Sample District 13,Health,63.04,41.79,37.83,83.03,207,26,17,63.12,0.456,4,0
DEMO-MPL-0644,Demo Constituency 04,Sample District 14,Education,65.21,45.49,41.13,81.83,115,25,21,56.08,0.503,10,0
DEMO-MPL-0645,Demo Constituency 05,Sample District 15,Water,63.55,61.3,31.27,54.56,182,0,15,43.6,0.573,9,0
DEMO-MPL-0646,Demo Constituency 06,Sample District 16,Community,49.33,44.35,15.59,32.27,247,9,7,53.65,0.483,10,0
DEMO-MPL-0647,Demo Constituency 07,Sample District 17,Road,40.78,33.12,35.03,98.11,307,48,17,51.01,0.357,8,0
DEMO-MPL-0648,Demo Constituency 08,Sample District 18,Health,80.24,71.32,55.41,77.07,516,33,19,92.56,0.719,10,0
DEMO-MPL-0649,Demo Constituency 09,Sample District 19,Education,46.09,42.33,42.79,100.0,471,1,21,38.38,0.428,2,1
DEMO-MPL-0650,Demo Constituency 10,Sample District 20,Health,76.68,69.22,37.04,48.83,656,51,15,215.86,0.759,49,0
DEMO-MPL-0651,Demo Constituency 11,Sample District 21,Lighting,38.73,33.88,25.49,64.48,465,44,20,28.23,0.395,10,0
DEMO-MPL-0652,Demo Constituency 12,Sample District 22,Health,30.69,27.64,8.39,28.33,216,36,5,33.34,0.296,3,0
DEMO-MPL-0653,Demo Constituency 13,Sample District 23,Lighting,55.69,42.25,12.8,27.81,484,46,10,66.92,0.46,5,0
DEMO-MPL-0654,Demo Constituency 14,Sample District 24,Education,70.99,45.47,23.55,49.81,561,12,4,97.61,0.473,6,0
DEMO-MPL-0655,Demo Constituency 15,Sample District 25,Lighting,66.42,60.99,26.44,41.14,160,0,19,54.92,0.643,8,0
DEMO-MPL-0656,Demo Constituency 16,Sample District 26,Lighting,96.96,95.21,80.0,79.49,118,26,9,123.37,1.006,9,0
DEMO-MPL-0657,Demo Constituency 17,Sample District 27,Education,57.07,47.98,38.63,83.11,279,49,20,69.53,0.465,1,0
DEMO-MPL-0658,Demo Constituency 18,Sample District 28,Community,97.69,72.5,58.17,70.5,260,0,3,75.54,0.825,1,0
DEMO-MPL-0659,Demo Constituency 19,Sample District 29,Lighting,54.1,49.52,35.82,66.31,91,0,18,55.76,0.54,3,0
DEMO-MPL-0660,Demo Constituency 20,Sample District 30,Community,24.42,18.32,24.54,19.66,115,76,14,19.95,1.248,11,0
DEMO-MPL-0661,Demo Constituency 01,Sample District 31,Road,66.78,38.64,32.36,74.9,494,44,3,77.36,0.432,4,0
DEMO-MPL-0662,Demo Constituency 02,Sample District 32,Community,82.89,50.86,38.02,71.89,519,21,3,70.16,0.529,7,0
DEMO-MPL-0663,Demo Constituency 03,Sample District 33,Road,89.55,54.42,42.93,80.11,151,49,11,72.95,0.536,1,0
DEMO-MPL-0664,Demo Constituency 04,Sample District 34,Lighting,77.1,73.07,12.12,16.66,585,10,22,77.68,0.727,7,0
DEMO-MPL-0665,Demo Constituency 05,Sample District 35,Water,50.87,33.41,24.57,74.58,384,24,21,67.99,0.329,4,0
DEMO-MPL-0666,Demo Constituency 06,Sample District 01,Education,64.76,40.6,27.47,65.29,481,23,3,59.36,0.421,6,0
DEMO-MPL-0667,Demo Constituency 07,Sample District 02,Community,79.83,47.54,45.89,98.85,145,63,12,96.54,0.464,3,0
DEMO-MPL-0668,Demo Constituency 08,Sample District 03,Water,52.19,32.12,15.93,42.8,495,0,11,42.5,0.372,1,0
DEMO-MPL-0669,Demo Constituency 09,Sample District 04,Health,71.66,45.8,38.65,78.37,655,0,20,87.25,0.493,9,0
DEMO-MPL-0670,Demo Constituency 10,Sample District 05,Road,74.09,65.83,22.5,43.83,230,606,15,73.07,0.513,2,0
DEMO-MPL-0671,Demo Constituency 11,Sample District 06,Community,86.32,58.74,35.52,53.09,472,0,19,101.14,0.669,8,0
DEMO-MPL-0672,Demo Constituency 12,Sample District 07,Education,31.36,19.73,18.34,91.52,274,22,21,26.81,0.2,4,0
DEMO-MPL-0673,Demo Constituency 13,Sample District 08,Health,60.18,42.95,36.39,93.17,519,32,23,71.23,0.391,11,0
DEMO-MPL-0674,Demo Constituency 14,Sample District 09,Community,43.16,40.81,22.27,51.68,513,36,17,30.82,0.431,6,0
DEMO-MPL-0675,Demo Constituency 15,Sample District 10,Health,56.83,48.57,42.57,97.21,298,23,12,57.53,0.438,8,0
DEMO-MPL-0676,Demo Constituency 16,Sample District 11,Education,38.85,37.99,36.92,100.0,297,38,14,47.98,0.369,6,1
DEMO-MPL-0677,Demo Constituency 17,Sample District 12,Water,77.78,43.11,33.21,81.51,363,20,17,83.79,0.407,11,0
DEMO-MPL-0678,Demo Constituency 18,Sample District 13,Road,90.49,52.51,40.51,76.67,457,11,13,81.69,0.528,7,0
DEMO-MPL-0679,Demo Constituency 19,Sample District 14,Education,34.65,30.12,14.61,44.08,126,0,19,30.27,0.332,4,0
DEMO-MPL-0680,Demo Constituency 20,Sample District 15,Health,89.17,82.58,85.94,87.99,491,5,16,247.55,0.977,48,0
DEMO-MPL-0681,Demo Constituency 01,Sample District 16,Water,53.44,47.06,26.31,52.84,142,39,2,60.1,0.498,8,0
DEMO-MPL-0682,Demo Constituency 02,Sample District 17,Health,47.15,28.34,2.51,9.14,418,0,7,41.37,0.275,2,0
DEMO-MPL-0683,Demo Constituency 03,Sample District 18,Road,61.76,55.76,44.88,78.07,261,57,15,41.49,0.575,10,0
DEMO-MPL-0684,Demo Constituency 04,Sample District 19,Water,49.04,46.47,30.04,56.51,559,0,15,54.71,0.532,11,0
DEMO-MPL-0685,Demo Constituency 05,Sample District 20,Road,40.27,24.56,20.07,89.07,564,29,11,37.63,0.225,2,0
DEMO-MPL-0686,Demo Constituency 06,Sample District 21,Community,42.18,28.08,24.28,82.86,315,0,16,33.79,0.293,7,0
DEMO-MPL-0687,Demo Constituency 07,Sample District 22,Education,70.42,55.08,20.71,35.48,461,0,4,68.1,0.584,5,0
DEMO-MPL-0688,Demo Constituency 08,Sample District 23,Water,95.71,60.11,52.89,92.67,636,19,11,104.53,0.571,8,0
DEMO-MPL-0689,Demo Constituency 09,Sample District 24,Road,54.2,43.11,32.86,71.27,244,0,13,70.72,0.461,2,0
DEMO-MPL-0690,Demo Constituency 10,Sample District 25,Health,67.84,38.95,50.81,50.87,118,0,3,64.8,0.999,8,0
DEMO-MPL-0691,Demo Constituency 11,Sample District 26,Road,23.6,19.52,16.61,83.15,659,11,14,19.13,0.2,8,0
DEMO-MPL-0692,Demo Constituency 12,Sample District 27,Road,66.52,66.43,50.09,79.75,713,28,3,57.69,0.628,4,0
DEMO-MPL-0693,Demo Constituency 13,Sample District 28,Water,53.88,51.01,21.93,41.19,727,34,8,57.77,0.532,2,0
DEMO-MPL-0694,Demo Constituency 14,Sample District 29,Community,53.86,51.33,24.92,48.38,402,58,23,59.6,0.515,1,0
DEMO-MPL-0695,Demo Constituency 15,Sample District 30,Water,56.06,46.99,16.69,34.21,286,36,22,65.27,0.488,1,0
DEMO-MPL-0696,Demo Constituency 16,Sample District 31,Road,42.97,42.34,42.29,100.0,575,21,10,42.38,0.423,3,1
DEMO-MPL-0697,Demo Constituency 17,Sample District 32,Lighting,113.77,87.82,56.55,71.93,101,55,2,120.65,0.786,4,0
DEMO-MPL-0698,Demo Constituency 18,Sample District 33,Lighting,79.45,58.48,14.4,20.81,625,63,15,33.82,0.692,9,0
DEMO-MPL-0699,Demo Constituency 19,Sample District 34,Lighting,57.81,45.51,3.01,5.9,323,39,1,51.89,0.511,4,0
DEMO-MPL-0700,Demo Constituency 20,Sample District 35,Lighting,73.22,73.03,63.61,56.29,173,576,21,48.43,1.13,9,0
DEMO-MPL-0701,Demo Constituency 01,Sample District 01,Health,75.1,64.64,54.28,82.63,609,0,22,73.71,0.657,9,0
DEMO-MPL-0702,Demo Constituency 02,Sample District 02,Health,66.34,48.31,37.31,73.35,422,50,17,69.22,0.509,9,0
DEMO-MPL-0703,Demo Constituency 03,Sample District 03,Health,43.77,40.43,34.57,80.59,415,24,20,40.02,0.429,6,0
DEMO-MPL-0704,Demo Constituency 04,Sample District 04,Health,21.79,19.77,16.7,76.96,524,10,9,19.7,0.217,4,0
DEMO-MPL-0705,Demo Constituency 05,Sample District 05,Education,36.14,22.71,5.67,21.92,535,39,12,48.51,0.259,8,0
DEMO-MPL-0706,Demo Constituency 06,Sample District 06,Community,52.08,35.64,38.49,100.0,426,30,15,44.67,0.385,7,1
DEMO-MPL-0707,Demo Constituency 07,Sample District 07,Road,51.87,33.16,33.1,96.76,649,0,15,61.34,0.342,3,0
DEMO-MPL-0708,Demo Constituency 08,Sample District 08,Road,61.67,40.01,14.43,46.28,385,33,17,41.83,0.312,11,0
DEMO-MPL-0709,Demo Constituency 09,Sample District 09,Education,57.83,53.16,31.21,54.97,105,27,11,56.86,0.568,7,0
DEMO-MPL-0710,Demo Constituency 10,Sample District 10,Road,61.33,54.0,38.4,72.08,475,53,9,141.96,0.533,32,0
DEMO-MPL-0711,Demo Constituency 11,Sample District 11,Water,58.93,35.58,22.1,58.26,139,0,4,71.13,0.379,5,0
DEMO-MPL-0712,Demo Constituency 12,Sample District 12,Road,82.91,57.23,50.39,82.17,406,0,19,56.36,0.613,5,0
DEMO-MPL-0713,Demo Constituency 13,Sample District 13,Community,55.14,51.24,44.22,77.09,165,1,24,56.67,0.574,6,0
DEMO-MPL-0714,Demo Constituency 14,Sample District 14,Road,53.86,32.45,29.91,75.37,376,8,13,73.54,0.397,6,0
DEMO-MPL-0715,Demo Constituency 15,Sample District 15,Road,60.92,46.25,25.67,54.33,447,55,16,66.83,0.472,9,0
DEMO-MPL-0716,Demo Constituency 16,Sample District 16,Lighting,82.43,64.96,67.51,100.0,490,58,7,70.9,0.675,10,1
DEMO-MPL-0717,Demo Constituency 17,Sample District 17,Water,24.18,18.36,6.82,36.22,178,37,18,19.28,0.188,6,0
DEMO-MPL-0718,Demo Constituency 18,Sample District 18,Water,88.24,83.38,79.85,96.29,162,0,24,93.4,0.829,7,0
DEMO-MPL-0719,Demo Constituency 19,Sample District 19,Health,52.52,34.55,26.57,72.34,497,0,16,58.83,0.367,7,0
DEMO-MPL-0720,Demo Constituency 20,Sample District 20,Health,51.16,29.0,37.23,31.6,197,0,2,69.5,1.178,9,0
DEMO-MPL-0721,Demo Constituency 01,Sample District 21,Water,74.96,55.74,31.63,56.26,602,32,14,67.73,0.562,4,0
DEMO-MPL-0722,Demo Constituency 02,Sample District 22,Water,61.22,47.38,31.29,61.69,710,89,17,55.2,0.507,2,0
DEMO-MPL-0723,Demo Constituency 03,Sample District 23,Water,33.59,24.3,16.99,72.42,562,0,13,39.14,0.235,8,0
DEMO-MPL-0724,Demo Constituency 04,Sample District 24,Education,57.24,35.61,10.73,29.91,670,36,13,72.57,0.359,7,0
DEMO-MPL-0725,Demo Constituency 05,Sample District 25,Lighting,79.17,45.06,46.28,100.0,432,51,23,87.85,0.463,6,1
DEMO-MPL-0726,Demo Constituency 06,Sample District 26,Lighting,39.49,31.88,19.62,59.85,579,58,14,48.17,0.328,4,0
DEMO-MPL-0727,Demo Constituency 07,Sample District 27,Community,35.19,20.32,14.51,79.55,484,58,16,37.72,0.182,2,0
DEMO-MPL-0728,Demo Constituency 08,Sample District 28,Lighting,61.9,34.33,35.42,100.0,435,52,3,54.44,0.354,5,1
DEMO-MPL-0729,Demo Constituency 09,Sample District 29,Community,86.19,85.37,82.99,97.11,558,22,4,97.95,0.855,2,0
DEMO-MPL-0730,Demo Constituency 10,Sample District 30,Education,66.1,63.83,64.55,59.2,360,617,9,91.19,1.09,11,0
DEMO-MPL-0731,Demo Constituency 11,Sample District 31,Lighting,70.67,52.41,55.89,100.0,673,25,19,66.97,0.559,9,1
DEMO-MPL-0732,Demo Constituency 12,Sample District 32,Water,95.8,74.34,43.4,60.77,341,42,2,125.01,0.714,10,0
DEMO-MPL-0733,Demo Constituency 13,Sample District 33,Water,70.64,56.98,37.88,63.01,107,25,18,75.61,0.601,7,0
DEMO-MPL-0734,Demo Constituency 14,Sample District 34,Education,52.67,49.58,46.29,100.0,188,0,1,50.52,0.463,4,1
DEMO-MPL-0735,Demo Constituency 15,Sample District 35,Community,71.01,44.9,31.28,71.47,677,17,17,47.09,0.438,7,0
DEMO-MPL-0736,Demo Constituency 16,Sample District 01,Health,33.33,18.82,17.64,86.87,133,0,23,37.08,0.203,2,0
DEMO-MPL-0737,Demo Constituency 17,Sample District 02,Water,84.94,74.59,14.01,19.59,404,51,2,44.63,0.715,7,0
DEMO-MPL-0738,Demo Constituency 18,Sample District 03,Water,18.22,15.26,12.39,78.1,712,0,18,12.58,0.159,3,0
DEMO-MPL-0739,Demo Constituency 19,Sample District 04,Health,49.0,48.55,15.19,30.53,624,73,23,40.2,0.497,7,0
DEMO-MPL-0740,Demo Constituency 20,Sample District 05,Road,60.66,44.6,46.57,100.0,334,18,17,131.12,0.466,45,1
DEMO-MPL-0741,Demo Constituency 01,Sample District 06,Road,45.58,32.08,16.37,52.6,248,18,8,51.09,0.311,1,0
DEMO-MPL-0742,Demo Constituency 02,Sample District 07,Water,70.5,61.78,40.53,62.8,266,0,8,82.1,0.645,8,0
DEMO-MPL-0743,Demo Constituency 03,Sample District 08,Health,51.09,32.45,14.24,41.88,590,29,3,35.94,0.34,8,0
DEMO-MPL-0744,Demo Constituency 04,Sample District 09,Water,56.83,54.74,38.74,89.47,580,0,20,39.53,0.433,11,0
DEMO-MPL-0745,Demo Constituency 05,Sample District 10,Health,67.04,50.49,13.41,24.34,261,1,1,52.57,0.551,1,0
DEMO-MPL-0746,Demo Constituency 06,Sample District 11,Community,24.75,23.55,22.79,94.68,498,20,15,27.3,0.241,8,0
DEMO-MPL-0747,Demo Constituency 07,Sample District 12,Education,68.97,51.22,39.0,69.31,234,33,24,89.93,0.563,11,0
DEMO-MPL-0748,Demo Constituency 08,Sample District 13,Lighting,66.58,52.43,31.19,59.16,484,3,16,75.33,0.527,1,0
DEMO-MPL-0749,Demo Constituency 09,Sample District 14,Road,56.64,46.72,16.35,32.05,228,46,4,49.46,0.51,9,0
DEMO-MPL-0750,Demo Constituency 10,Sample District 15,Road,54.52,33.63,46.52,29.02,707,21,24,60.45,1.603,4,0
DEMO-MPL-0751,Demo Constituency 11,Sample District 16,Water,82.23,76.53,42.65,53.46,403,26,18,88.79,0.798,10,0
DEMO-MPL-0752,Demo Constituency 12,Sample District 17,Health,65.78,56.77,44.58,83.74,435,0,11,46.94,0.532,4,0
DEMO-MPL-0753,Demo Constituency 13,Sample District 18,Community,64.38,38.7,31.92,69.07,189,77,8,44.43,0.462,6,0
DEMO-MPL-0754,Demo Constituency 14,Sample District 19,Community,12.0,7.82,5.64,76.42,151,44,2,13.47,0.074,1,0
DEMO-MPL-0755,Demo Constituency 15,Sample District 20,Community,42.91,27.03,19.71,72.69,197,36,20,50.79,0.271,3,0
DEMO-MPL-0756,Demo Constituency 16,Sample District 21,Community,39.46,28.43,26.53,92.96,207,9,5,52.42,0.285,4,0
DEMO-MPL-0757,Demo Constituency 17,Sample District 22,Road,61.84,37.09,25.32,60.18,546,16,6,57.95,0.421,8,0
DEMO-MPL-0758,Demo Constituency 18,Sample District 23,Education,42.57,39.48,28.63,78.41,190,11,20,38.0,0.365,9,0
DEMO-MPL-0759,Demo Constituency 19,Sample District 24,Lighting,80.04,44.95,41.45,91.55,342,44,18,86.3,0.453,3,0
DEMO-MPL-0760,Demo Constituency 20,Sample District 25,Water,67.02,44.96,28.86,63.52,384,441,3,75.55,0.454,9,0
DEMO-MPL-0761,Demo Constituency 01,Sample District 26,Water,55.0,53.23,56.34,100.0,304,75,16,64.38,0.563,2,1
DEMO-MPL-0762,Demo Constituency 02,Sample District 27,Road,46.68,45.95,25.71,49.38,604,7,9,34.73,0.521,8,0
DEMO-MPL-0763,Demo Constituency 03,Sample District 28,Road,96.8,84.14,84.28,100.0,533,0,1,100.41,0.843,11,1
DEMO-MPL-0764,Demo Constituency 04,Sample District 29,Lighting,59.6,51.73,30.32,54.59,532,41,24,57.61,0.555,3,0
DEMO-MPL-0765,Demo Constituency 05,Sample District 30,Water,87.17,55.18,9.78,18.98,643,68,7,72.04,0.515,5,0
DEMO-MPL-0766,Demo Constituency 06,Sample District 31,Health,12.0,8.65,3.68,38.79,415,0,12,14.18,0.095,2,0
DEMO-MPL-0767,Demo Constituency 07,Sample District 32,Health,63.04,47.49,33.01,68.72,648,19,24,45.06,0.48,11,0
DEMO-MPL-0768,Demo Constituency 08,Sample District 33,Road,69.71,67.18,41.93,61.26,406,46,19,57.88,0.684,4,0
DEMO-MPL-0769,Demo Constituency 09,Sample District 34,Health,90.79,76.06,35.02,45.38,415,22,23,114.59,0.772,10,0
DEMO-MPL-0770,Demo Constituency 10,Sample District 35,Water,80.57,69.77,36.19,50.84,366,7,8,187.33,0.712,59,0
DEMO-MPL-0771,Demo Constituency 11,Sample District 01,Lighting,51.65,35.18,25.9,66.78,418,62,17,47.36,0.388,5,0
DEMO-MPL-0772,Demo Constituency 12,Sample District 02,Health,74.69,50.35,34.99,67.62,678,6,24,71.31,0.517,7,0
DEMO-MPL-0773,Demo Constituency 13,Sample District 03,Lighting,77.02,63.2,41.41,64.4,384,19,20,55.2,0.643,6,0
DEMO-MPL-0774,Demo Constituency 14,Sample District 04,Water,46.33,25.53,24.43,96.53,187,64,5,57.03,0.253,2,0
DEMO-MPL-0775,Demo Constituency 15,Sample District 05,Road,47.1,26.29,26.52,100.0,427,50,11,40.78,0.265,11,1
DEMO-MPL-0776,Demo Constituency 16,Sample District 06,Lighting,78.38,74.08,25.67,36.83,165,9,9,84.3,0.697,5,0
DEMO-MPL-0777,Demo Constituency 17,Sample District 07,Education,43.73,26.31,19.13,68.34,172,21,12,41.09,0.28,7,0
DEMO-MPL-0778,Demo Constituency 18,Sample District 08,Health,13.37,10.96,9.05,80.96,167,43,13,17.51,0.112,3,0
DEMO-MPL-0779,Demo Constituency 19,Sample District 09,Education,12.0,11.13,9.81,81.65,635,31,6,8.69,0.12,6,0
DEMO-MPL-0780,Demo Constituency 20,Sample District 10,Lighting,36.97,25.25,33.37,43.12,680,26,12,32.1,0.774,11,0
DEMO-MPL-0781,Demo Constituency 01,Sample District 11,Community,60.46,39.38,42.09,92.49,302,17,18,46.2,0.455,5,0
DEMO-MPL-0782,Demo Constituency 02,Sample District 12,Road,104.15,76.1,18.24,21.19,579,38,24,127.5,0.861,1,0
DEMO-MPL-0783,Demo Constituency 03,Sample District 13,Lighting,64.52,42.65,41.12,81.31,534,10,19,51.36,0.506,9,0
DEMO-MPL-0784,Demo Constituency 04,Sample District 14,Health,27.82,18.49,11.06,60.43,383,90,1,26.59,0.183,8,0
DEMO-MPL-0785,Demo Constituency 05,Sample District 15,Health,80.34,74.84,57.17,73.23,510,0,11,52.71,0.781,3,0
DEMO-MPL-0786,Demo Constituency 06,Sample District 16,Road,66.35,53.78,17.54,31.58,678,2,19,73.28,0.555,3,0
DEMO-MPL-0787,Demo Constituency 07,Sample District 17,Education,36.32,32.83,32.5,97.9,589,24,5,38.38,0.332,1,0
DEMO-MPL-0788,Demo Constituency 08,Sample District 18,Water,103.55,66.77,35.19,51.93,131,43,24,125.23,0.678,10,0
DEMO-MPL-0789,Demo Constituency 09,Sample District 19,Lighting,81.66,45.89,47.39,100.0,238,14,3,107.98,0.474,4,1
DEMO-MPL-0790,Demo Constituency 10,Sample District 20,Road,37.27,23.38,25.25,29.59,695,581,15,31.6,0.853,4,0
DEMO-MPL-0791,Demo Constituency 11,Sample District 21,Water,65.12,60.6,38.04,65.5,680,42,2,70.48,0.581,8,0
DEMO-MPL-0792,Demo Constituency 12,Sample District 22,Health,90.68,53.08,15.73,27.87,642,22,11,95.86,0.565,10,0
DEMO-MPL-0793,Demo Constituency 13,Sample District 23,Lighting,100.12,70.95,39.81,60.42,650,0,15,119.81,0.659,5,0
DEMO-MPL-0794,Demo Constituency 14,Sample District 24,Education,58.53,55.85,19.04,31.08,458,12,22,44.13,0.613,8,0
DEMO-MPL-0795,Demo Constituency 15,Sample District 25,Water,96.68,95.33,65.99,68.9,367,0,23,121.05,0.958,7,0
DEMO-MPL-0796,Demo Constituency 16,Sample District 26,Lighting,99.6,54.93,38.32,64.52,203,0,8,96.63,0.594,6,0
DEMO-MPL-0797,Demo Constituency 17,Sample District 27,Road,79.22,79.21,26.7,37.52,533,56,22,63.31,0.712,3,0
DEMO-MPL-0798,Demo Constituency 18,Sample District 28,Road,53.54,35.99,37.66,100.0,342,47,2,60.86,0.377,2,1
DEMO-MPL-0799,Demo Constituency 19,Sample District 29,Lighting,71.39,62.24,45.42,71.36,231,24,4,93.12,0.637,2,0
DEMO-MPL-0800,Demo Constituency 20,Sample District 30,Education,48.02,31.7,33.46,100.0,170,15,9,101.51,0.335,28,1
